ID,Block,Set,Choice,Item1,Item2,Item3,Item4,Item5,Item6,Item7,Item8,Item9,Item10,Item11,Item12
7,7,1,0,0,0,0,0,0,0,0,0,0,0,0,1
7,7,1,1,0,0,0,1,0,0,0,0,0,0,0,0
7,7,1,0,0,0,0,0,0,0,0,0,0,0,1,0
7,7,1,0,0,0,0,0,0,0,0,0,0,-1,0,0
7,7,2,0,0,0,0,1,0,0,0,0,0,0,0,0
7,7,2,1,1,0,0,0,0,0,0,0,0,0,0,0
7,7,2,0,0,-1,0,0,0,0,0,0,0,0,0,0
7,7,2,0,0,0,0,0,0,0,1,0,0,0,0,0
7,7,3,1,0,0,0,0,0,0,0,1,0,0,0,0
7,7,3,0,0,0,0,0,0,0,0,0,-1,0,0,0
7,7,3,0,0,0,0,0,0,0,1,0,0,0,0,0
7,7,3,0,0,1,0,0,0,0,0,0,0,0,0,0
7,7,4,0,0,0,0,0,0,0,0,0,1,0,0,0
7,7,4,0,0,0,0,0,-1,0,0,0,0,0,0,0
7,7,4,1,0,0,0,1,0,0,0,0,0,0,0,0
7,7,4,0,0,0,1,0,0,0,0,0,0,0,0,0
7,7,5,0,0,0,0,0,0,0,0,0,0,0,-1,0
7,7,5,0,0,0,0,1,0,0,0,0,0,0,0,0
7,7,5,0,0,0,0,0,0,0,0,0,0,1,0,0
7,7,5,1,1,0,0,0,0,0,0,0,0,0,0,0
7,7,6,0,0,0,0,0,-1,0,0,0,0,0,0,0
7,7,6,0,0,0,1,0,0,0,0,0,0,0,0,0
7,7,6,1,1,0,0,0,0,0,0,0,0,0,0,0
7,7,6,0,0,0,0,0,0,0,0,1,0,0,0,0
9,9,1,0,0,0,0,1,0,0,0,0,0,0,0,0
9,9,1,0,0,0,0,0,-1,0,0,0,0,0,0,0
9,9,1,0,1,0,0,0,0,0,0,0,0,0,0,0
9,9,1,1,0,0,1,0,0,0,0,0,0,0,0,0
9,9,2,0,0,-1,0,0,0,0,0,0,0,0,0,0
9,9,2,0,0,0,0,0,0,0,1,0,0,0,0,0
9,9,2,0,0,0,1,0,0,0,0,0,0,0,0,0
9,9,2,1,0,0,0,0,0,0,0,0,0,0,1,0
9,9,3,1,0,0,0,0,0,0,0,0,0,1,0,0
9,9,3,0,0,0,0,0,0,1,0,0,0,0,0,0
9,9,3,0,0,1,0,0,0,0,0,0,0,0,0,0
9,9,3,0,0,0,0,0,-1,0,0,0,0,0,0,0
9,9,4,1,0,0,0,0,0,0,0,1,0,0,0,0
9,9,4,0,0,0,0,0,0,0,0,0,0,1,0,0
9,9,4,0,0,0,0,-1,0,0,0,0,0,0,0,0
9,9,4,0,0,0,0,0,0,0,0,0,1,0,0,0
9,9,5,0,0,0,0,0,0,-1,0,0,0,0,0,0
9,9,5,1,0,0,1,0,0,0,0,0,0,0,0,0
9,9,5,0,0,0,0,0,0,0,0,0,0,1,0,0
9,9,5,0,1,0,0,0,0,0,0,0,0,0,0,0
9,9,6,0,0,0,0,0,0,0,0,0,0,1,0,0
9,9,6,0,1,0,0,0,0,0,0,0,0,0,0,0
9,9,6,0,0,0,0,0,0,0,0,-1,0,0,0,0
9,9,6,1,0,0,0,0,0,0,1,0,0,0,0,0
13,3,1,0,0,0,0,0,0,0,0,0,0,0,0,1
13,3,1,1,0,1,0,0,0,0,0,0,0,0,0,0
13,3,1,0,0,0,0,0,1,0,0,0,0,0,0,0
13,3,1,0,0,0,0,0,0,0,-1,0,0,0,0,0
13,3,2,0,0,1,0,0,0,0,0,0,0,0,0,0
13,3,2,0,0,0,0,0,0,-1,0,0,0,0,0,0
13,3,2,1,1,0,0,0,0,0,0,0,0,0,0,0
13,3,2,0,0,0,0,1,0,0,0,0,0,0,0,0
13,3,3,0,0,0,0,0,0,0,0,0,0,1,0,0
13,3,3,1,0,0,0,0,1,0,0,0,0,0,0,0
13,3,3,0,0,0,0,0,0,-1,0,0,0,0,0,0
13,3,3,0,0,0,0,0,0,0,0,0,0,0,1,0
13,3,4,0,0,0,0,0,0,0,0,0,0,0,1,0
13,3,4,1,1,0,0,0,0,0,0,0,0,0,0,0
13,3,4,0,0,1,0,0,0,0,0,0,0,0,0,0
13,3,4,0,0,0,0,0,0,0,0,0,0,-1,0,0
13,3,5,1,0,0,1,0,0,0,0,0,0,0,0,0
13,3,5,0,0,0,0,0,0,0,0,0,1,0,0,0
13,3,5,0,0,0,0,0,0,0,0,0,0,0,0,1
13,3,5,0,0,0,0,0,0,-1,0,0,0,0,0,0
13,3,6,0,0,0,0,1,0,0,0,0,0,0,0,0
13,3,6,1,0,0,1,0,0,0,0,0,0,0,0,0
13,3,6,0,0,0,0,0,0,0,0,-1,0,0,0,0
13,3,6,0,0,1,0,0,0,0,0,0,0,0,0,0
19,9,1,0,0,0,0,1,0,0,0,0,0,0,0,0
19,9,1,0,0,0,0,0,-1,0,0,0,0,0,0,0
19,9,1,0,1,0,0,0,0,0,0,0,0,0,0,0
19,9,1,1,0,0,1,0,0,0,0,0,0,0,0,0
19,9,2,0,0,-1,0,0,0,0,0,0,0,0,0,0
19,9,2,0,0,0,0,0,0,0,1,0,0,0,0,0
19,9,2,1,0,0,1,0,0,0,0,0,0,0,0,0
19,9,2,0,0,0,0,0,0,0,0,0,0,0,1,0
19,9,3,0,0,0,0,0,0,0,0,0,0,1,0,0
19,9,3,1,0,0,0,0,0,1,0,0,0,0,0,0
19,9,3,0,0,1,0,0,0,0,0,0,0,0,0,0
19,9,3,0,0,0,0,0,-1,0,0,0,0,0,0,0
19,9,4,1,0,0,0,0,0,0,0,1,0,0,0,0
19,9,4,0,0,0,0,0,0,0,0,0,0,1,0,0
19,9,4,0,0,0,0,1,0,0,0,0,0,0,0,0
19,9,4,0,0,0,0,0,0,0,0,0,-1,0,0,0
19,9,5,0,0,0,0,0,0,1,0,0,0,0,0,0
19,9,5,1,0,0,1,0,0,0,0,0,0,0,0,0
19,9,5,0,0,0,0,0,0,0,0,0,0,-1,0,0
19,9,5,0,1,0,0,0,0,0,0,0,0,0,0,0
19,9,6,0,0,0,0,0,0,0,0,0,0,-1,0,0
19,9,6,0,1,0,0,0,0,0,0,0,0,0,0,0
19,9,6,1,0,0,0,0,0,0,0,1,0,0,0,0
19,9,6,0,0,0,0,0,0,0,1,0,0,0,0,0
20,10,1,0,0,1,0,0,0,0,0,0,0,0,0,0
20,10,1,1,0,0,1,0,0,0,0,0,0,0,0,0
20,10,1,0,0,0,0,0,0,0,0,0,0,0,0,1
20,10,1,0,0,0,0,0,0,0,0,0,0,-1,0,0
20,10,2,1,0,0,0,0,0,0,1,0,0,0,0,0
20,10,2,0,0,0,0,0,0,0,0,0,0,0,0,1
20,10,2,0,0,0,0,0,0,0,0,0,0,0,-1,0
20,10,2,0,0,0,0,1,0,0,0,0,0,0,0,0
20,10,3,0,0,0,0,-1,0,0,0,0,0,0,0,0
20,10,3,1,0,0,0,0,0,0,1,0,0,0,0,0
20,10,3,0,0,0,0,0,0,0,0,1,0,0,0,0
20,10,3,0,0,0,0,0,0,1,0,0,0,0,0,0
20,10,4,0,0,0,0,0,0,0,0,0,0,0,0,1
20,10,4,0,0,0,0,0,0,0,0,0,0,-1,0,0
20,10,4,1,0,0,1,0,0,0,0,0,0,0,0,0
20,10,4,0,0,0,0,0,0,0,0,0,0,0,1,0
20,10,5,1,1,0,0,0,0,0,0,0,0,0,0,0
20,10,5,0,0,0,0,-1,0,0,0,0,0,0,0,0
20,10,5,0,0,0,0,0,0,1,0,0,0,0,0,0
20,10,5,0,0,0,0,0,1,0,0,0,0,0,0,0
20,10,6,1,1,0,0,0,0,0,0,0,0,0,0,0
20,10,6,0,0,1,0,0,0,0,0,0,0,0,0,0
20,10,6,0,0,0,0,0,1,0,0,0,0,0,0,0
20,10,6,0,0,0,0,0,0,0,0,0,0,0,-1,0
24,4,1,0,1,0,0,0,0,0,0,0,0,0,0,0
24,4,1,1,0,0,0,0,0,0,0,1,0,0,0,0
24,4,1,0,0,0,0,0,0,-1,0,0,0,0,0,0
24,4,1,0,0,0,0,0,0,0,0,0,0,0,0,1
24,4,2,1,0,1,0,0,0,0,0,0,0,0,0,0
24,4,2,0,0,0,0,0,0,0,0,0,0,1,0,0
24,4,2,0,0,0,0,0,1,0,0,0,0,0,0,0
24,4,2,0,0,0,0,0,0,-1,0,0,0,0,0,0
24,4,3,1,0,0,0,0,1,0,0,0,0,0,0,0
24,4,3,0,0,0,0,0,0,0,0,0,1,0,0,0
24,4,3,0,-1,0,0,0,0,0,0,0,0,0,0,0
24,4,3,0,0,1,0,0,0,0,0,0,0,0,0,0
24,4,4,0,0,0,0,0,0,0,-1,0,0,0,0,0
24,4,4,0,0,0,0,0,0,1,0,0,0,0,0,0
24,4,4,0,0,0,0,0,0,0,0,0,1,0,0,0
24,4,4,1,0,0,0,0,1,0,0,0,0,0,0,0
24,4,5,1,0,0,1,0,0,0,0,0,0,0,0,0
24,4,5,0,0,1,0,0,0,0,0,0,0,0,0,0
24,4,5,0,0,0,0,0,0,0,0,0,0,0,0,-1
24,4,5,0,0,0,0,0,0,0,0,0,1,0,0,0
24,4,6,0,0,0,0,0,0,1,0,0,0,0,0,0
24,4,6,0,0,0,0,0,0,0,0,0,0,0,-1,0
24,4,6,0,0,0,0,0,0,0,0,0,1,0,0,0
24,4,6,1,0,0,0,1,0,0,0,0,0,0,0,0
30,10,1,0,0,1,0,0,0,0,0,0,0,0,0,0
30,10,1,1,0,0,1,0,0,0,0,0,0,0,0,0
30,10,1,0,0,0,0,0,0,0,0,0,0,0,0,1
30,10,1,0,0,0,0,0,0,0,0,0,0,-1,0,0
30,10,2,0,0,0,0,0,0,0,-1,0,0,0,0,0
30,10,2,0,0,0,0,0,0,0,0,0,0,0,0,1
30,10,2,0,0,0,0,0,0,0,0,0,0,0,1,0
30,10,2,1,0,0,0,1,0,0,0,0,0,0,0,0
30,10,3,1,0,0,0,1,0,0,0,0,0,0,0,0
30,10,3,0,0,0,0,0,0,0,-1,0,0,0,0,0
30,10,3,0,0,0,0,0,0,0,0,1,0,0,0,0
30,10,3,0,0,0,0,0,0,1,0,0,0,0,0,0
30,10,4,0,0,0,0,0,0,0,0,0,0,0,0,1
30,10,4,0,0,0,0,0,0,0,0,0,0,-1,0,0
30,10,4,1,0,0,1,0,0,0,0,0,0,0,0,0
30,10,4,0,0,0,0,0,0,0,0,0,0,0,1,0
30,10,5,0,1,0,0,0,0,0,0,0,0,0,0,0
30,10,5,1,0,0,0,1,0,0,0,0,0,0,0,0
30,10,5,0,0,0,0,0,0,1,0,0,0,0,0,0
30,10,5,0,0,0,0,0,1,0,0,0,0,0,0,0
30,10,6,1,1,0,0,0,0,0,0,0,0,0,0,0
30,10,6,0,0,1,0,0,0,0,0,0,0,0,0,0
30,10,6,0,0,0,0,0,1,0,0,0,0,0,0,0
30,10,6,0,0,0,0,0,0,0,0,0,0,0,-1,0
31,1,1,0,0,0,0,0,0,0,0,0,1,0,0,0
31,1,1,1,0,0,0,1,0,0,0,0,0,0,0,0
31,1,1,0,0,0,0,0,0,0,0,0,0,0,1,0
31,1,1,0,0,0,0,0,0,-1,0,0,0,0,0,0
31,1,2,1,0,0,0,0,0,0,0,0,0,0,0,1
31,1,2,0,0,0,0,0,0,0,0,0,0,1,0,0
31,1,2,0,0,0,0,0,-1,0,0,0,0,0,0,0
31,1,2,0,0,0,0,1,0,0,0,0,0,0,0,0
31,1,3,0,0,1,0,0,0,0,0,0,0,0,0,0
31,1,3,0,0,0,0,0,0,0,0,0,-1,0,0,0
31,1,3,1,0,0,0,1,0,0,0,0,0,0,0,0
31,1,3,0,0,0,0,0,0,0,0,0,0,1,0,0
31,1,4,1,0,0,1,0,0,0,0,0,0,0,0,0
31,1,4,0,0,0,0,0,0,0,1,0,0,0,0,0
31,1,4,0,0,0,0,0,0,0,0,0,-1,0,0,0
31,1,4,0,0,0,0,0,0,1,0,0,0,0,0,0
31,1,5,0,0,0,0,0,0,0,-1,0,0,0,0,0
31,1,5,0,0,0,0,0,0,0,0,0,0,0,0,1
31,1,5,0,0,0,0,0,0,0,0,0,0,1,0,0
31,1,5,1,0,0,1,0,0,0,0,0,0,0,0,0
31,1,6,0,0,0,0,0,0,-1,0,0,0,0,0,0
31,1,6,0,0,0,0,0,0,0,0,0,0,0,1,0
31,1,6,1,0,0,0,0,0,0,0,0,0,0,0,1
31,1,6,0,1,0,0,0,0,0,0,0,0,0,0,0
46,6,1,1,0,0,0,0,0,0,0,1,0,0,0,0
46,6,1,0,0,0,0,0,0,0,0,0,0,0,1,0
46,6,1,0,0,0,1,0,0,0,0,0,0,0,0,0
46,6,1,0,0,0,0,0,-1,0,0,0,0,0,0,0
46,6,2,0,0,0,0,0,0,0,1,0,0,0,0,0
46,6,2,1,0,0,0,0,0,0,0,0,1,0,0,0
46,6,2,0,0,0,0,0,0,1,0,0,0,0,0,0
46,6,2,0,0,0,0,0,0,0,0,0,0,-1,0,0
46,6,3,0,0,0,0,0,0,-1,0,0,0,0,0,0
46,6,3,0,0,0,0,0,0,0,0,1,0,0,0,0
46,6,3,1,0,0,0,1,0,0,0,0,0,0,0,0
46,6,3,0,0,0,1,0,0,0,0,0,0,0,0,0
46,6,4,1,0,0,0,1,0,0,0,0,0,0,0,0
46,6,4,0,0,0,0,0,0,0,0,0,0,0,0,1
46,6,4,0,0,0,0,0,0,0,0,-1,0,0,0,0
46,6,4,0,0,1,0,0,0,0,0,0,0,0,0,0
46,6,5,1,1,0,0,0,0,0,0,0,0,0,0,0
46,6,5,0,0,0,0,0,1,0,0,0,0,0,0,0
46,6,5,0,0,0,0,0,0,0,-1,0,0,0,0,0
46,6,5,0,0,0,0,0,0,0,0,0,0,0,0,1
46,6,6,0,0,0,0,0,0,0,0,0,0,0,-1,0
46,6,6,0,0,0,0,0,0,0,1,0,0,0,0,0
46,6,6,0,0,0,0,0,0,0,0,0,0,1,0,0
46,6,6,1,0,0,0,0,0,0,0,1,0,0,0,0
66,6,1,0,0,0,0,0,0,0,0,-1,0,0,0,0
66,6,1,0,0,0,0,0,0,0,0,0,0,0,1,0
66,6,1,1,0,0,1,0,0,0,0,0,0,0,0,0
66,6,1,0,0,0,0,0,1,0,0,0,0,0,0,0
66,6,2,1,0,0,0,0,0,0,1,0,0,0,0,0
66,6,2,0,0,0,0,0,0,0,0,0,1,0,0,0
66,6,2,0,0,0,0,0,0,1,0,0,0,0,0,0
66,6,2,0,0,0,0,0,0,0,0,0,0,-1,0,0
66,6,3,0,0,0,0,0,0,1,0,0,0,0,0,0
66,6,3,0,0,0,0,0,0,0,0,-1,0,0,0,0
66,6,3,0,0,0,0,1,0,0,0,0,0,0,0,0
66,6,3,1,0,0,1,0,0,0,0,0,0,0,0,0
66,6,4,0,0,0,0,1,0,0,0,0,0,0,0,0
66,6,4,0,0,0,0,0,0,0,0,0,0,0,0,1
66,6,4,0,0,0,0,0,0,0,0,-1,0,0,0,0
66,6,4,1,0,1,0,0,0,0,0,0,0,0,0,0
66,6,5,1,1,0,0,0,0,0,0,0,0,0,0,0
66,6,5,0,0,0,0,0,1,0,0,0,0,0,0,0
66,6,5,0,0,0,0,0,0,0,1,0,0,0,0,0
66,6,5,0,0,0,0,0,0,0,0,0,0,0,0,-1
66,6,6,0,0,0,0,0,0,0,0,0,0,0,1,0
66,6,6,1,0,0,0,0,0,0,1,0,0,0,0,0
66,6,6,0,0,0,0,0,0,0,0,0,0,1,0,0
66,6,6,0,0,0,0,0,0,0,0,-1,0,0,0,0
67,7,1,0,0,0,0,0,0,0,0,0,0,0,0,-1
67,7,1,1,0,0,0,1,0,0,0,0,0,0,0,0
67,7,1,0,0,0,0,0,0,0,0,0,0,0,1,0
67,7,1,0,0,0,0,0,0,0,0,0,0,1,0,0
67,7,2,0,0,0,0,1,0,0,0,0,0,0,0,0
67,7,2,0,1,0,0,0,0,0,0,0,0,0,0,0
67,7,2,1,0,1,0,0,0,0,0,0,0,0,0,0
67,7,2,0,0,0,0,0,0,0,-1,0,0,0,0,0
67,7,3,0,0,0,0,0,0,0,0,-1,0,0,0,0
67,7,3,0,0,0,0,0,0,0,0,0,1,0,0,0
67,7,3,0,0,0,0,0,0,0,1,0,0,0,0,0
67,7,3,1,0,1,0,0,0,0,0,0,0,0,0,0
67,7,4,0,0,0,0,0,0,0,0,0,-1,0,0,0
67,7,4,0,0,0,0,0,1,0,0,0,0,0,0,0
67,7,4,0,0,0,0,1,0,0,0,0,0,0,0,0
67,7,4,1,0,0,1,0,0,0,0,0,0,0,0,0
67,7,5,0,0,0,0,0,0,0,0,0,0,0,-1,0
67,7,5,0,0,0,0,1,0,0,0,0,0,0,0,0
67,7,5,0,0,0,0,0,0,0,0,0,0,1,0,0
67,7,5,1,1,0,0,0,0,0,0,0,0,0,0,0
67,7,6,0,0,0,0,0,1,0,0,0,0,0,0,0
67,7,6,0,0,0,1,0,0,0,0,0,0,0,0,0
67,7,6,1,1,0,0,0,0,0,0,0,0,0,0,0
67,7,6,0,0,0,0,0,0,0,0,-1,0,0,0,0
72,2,1,0,0,0,0,0,0,0,0,-1,0,0,0,0
72,2,1,0,0,0,0,0,0,0,0,0,0,1,0,0
72,2,1,0,0,0,0,0,0,0,1,0,0,0,0,0
72,2,1,1,1,0,0,0,0,0,0,0,0,0,0,0
72,2,2,0,0,0,0,0,0,1,0,0,0,0,0,0
72,2,2,0,0,0,0,0,0,0,0,1,0,0,0,0
72,2,2,1,0,0,1,0,0,0,0,0,0,0,0,0
72,2,2,0,0,0,0,0,0,0,0,0,0,0,0,-1
72,2,3,1,1,0,0,0,0,0,0,0,0,0,0,0
72,2,3,0,0,0,0,0,0,0,0,0,0,0,1,0
72,2,3,0,0,0,0,0,0,0,0,0,1,0,0,0
72,2,3,0,0,0,0,0,0,0,0,0,0,0,0,-1
72,2,4,0,0,0,0,0,0,0,1,0,0,0,0,0
72,2,4,0,1,0,0,0,0,0,0,0,0,0,0,0
72,2,4,0,0,0,0,0,0,0,0,0,0,0,0,-1
72,2,4,1,0,0,0,1,0,0,0,0,0,0,0,0
72,2,5,1,0,0,0,0,1,0,0,0,0,0,0,0
72,2,5,0,0,0,0,0,0,0,0,0,0,0,0,-1
72,2,5,0,0,0,0,0,0,0,0,0,0,0,1,0
72,2,5,0,0,0,0,0,0,0,0,0,1,0,0,0
72,2,6,0,0,0,0,0,0,0,0,0,0,0,0,-1
72,2,6,0,0,0,0,0,0,1,0,0,0,0,0,0
72,2,6,1,0,1,0,0,0,0,0,0,0,0,0,0
72,2,6,0,0,0,0,0,0,0,1,0,0,0,0,0
73,3,1,0,0,0,0,0,0,0,0,0,0,0,0,-1
73,3,1,0,0,1,0,0,0,0,0,0,0,0,0,0
73,3,1,1,0,0,0,0,1,0,0,0,0,0,0,0
73,3,1,0,0,0,0,0,0,0,1,0,0,0,0,0
73,3,2,0,0,1,0,0,0,0,0,0,0,0,0,0
73,3,2,0,0,0,0,0,0,-1,0,0,0,0,0,0
73,3,2,0,1,0,0,0,0,0,0,0,0,0,0,0
73,3,2,1,0,0,0,1,0,0,0,0,0,0,0,0
73,3,3,0,0,0,0,0,0,0,0,0,0,1,0,0
73,3,3,1,0,0,0,0,1,0,0,0,0,0,0,0
73,3,3,0,0,0,0,0,0,1,0,0,0,0,0,0
73,3,3,0,0,0,0,0,0,0,0,0,0,0,-1,0
73,3,4,0,0,0,0,0,0,0,0,0,0,0,-1,0
73,3,4,1,1,0,0,0,0,0,0,0,0,0,0,0
73,3,4,0,0,1,0,0,0,0,0,0,0,0,0,0
73,3,4,0,0,0,0,0,0,0,0,0,0,1,0,0
73,3,5,1,0,0,1,0,0,0,0,0,0,0,0,0
73,3,5,0,0,0,0,0,0,0,0,0,1,0,0,0
73,3,5,0,0,0,0,0,0,0,0,0,0,0,0,-1
73,3,5,0,0,0,0,0,0,1,0,0,0,0,0,0
73,3,6,1,0,0,0,1,0,0,0,0,0,0,0,0
73,3,6,0,0,0,1,0,0,0,0,0,0,0,0,0
73,3,6,0,0,0,0,0,0,0,0,-1,0,0,0,0
73,3,6,0,0,1,0,0,0,0,0,0,0,0,0,0
78,8,1,0,0,0,0,0,0,0,0,0,-1,0,0,0
78,8,1,0,0,1,0,0,0,0,0,0,0,0,0,0
78,8,1,0,0,0,0,0,0,0,0,0,0,0,1,0
78,8,1,1,1,0,0,0,0,0,0,0,0,0,0,0
78,8,2,1,0,0,0,0,1,0,0,0,0,0,0,0
78,8,2,0,0,0,0,0,0,0,0,0,0,1,0,0
78,8,2,0,0,0,0,0,0,0,-1,0,0,0,0,0
78,8,2,0,0,0,0,0,0,0,0,0,1,0,0,0
78,8,3,0,0,0,0,0,0,0,0,0,0,0,1,0
78,8,3,0,0,0,0,0,1,0,0,0,0,0,0,0
78,8,3,0,0,0,0,0,0,-1,0,0,0,0,0,0
78,8,3,1,0,0,0,0,0,0,0,1,0,0,0,0
78,8,4,0,0,0,0,0,0,0,0,0,-1,0,0,0
78,8,4,1,0,0,0,0,0,0,0,1,0,0,0,0
78,8,4,0,0,1,0,0,0,0,0,0,0,0,0,0
78,8,4,0,0,0,0,0,0,0,0,0,0,0,0,1
78,8,5,1,0,0,1,0,0,0,0,0,0,0,0,0
78,8,5,0,0,0,0,0,0,0,-1,0,0,0,0,0
78,8,5,0,0,0,0,1,0,0,0,0,0,0,0,0
78,8,5,0,0,0,0,0,0,0,0,0,0,0,1,0
78,8,6,1,1,0,0,0,0,0,0,0,0,0,0,0
78,8,6,0,0,0,0,0,0,0,0,0,0,0,0,-1
78,8,6,0,0,0,0,0,1,0,0,0,0,0,0,0
78,8,6,0,0,0,0,0,0,0,0,1,0,0,0,0
82,2,1,0,0,0,0,0,0,0,0,1,0,0,0,0
82,2,1,0,0,0,0,0,0,0,0,0,0,1,0,0
82,2,1,0,0,0,0,0,0,0,-1,0,0,0,0,0
82,2,1,1,1,0,0,0,0,0,0,0,0,0,0,0
82,2,2,0,0,0,0,0,0,1,0,0,0,0,0,0
82,2,2,0,0,0,0,0,0,0,0,-1,0,0,0,0
82,2,2,1,0,0,1,0,0,0,0,0,0,0,0,0
82,2,2,0,0,0,0,0,0,0,0,0,0,0,0,1
82,2,3,1,1,0,0,0,0,0,0,0,0,0,0,0
82,2,3,0,0,0,0,0,0,0,0,0,0,0,-1,0
82,2,3,0,0,0,0,0,0,0,0,0,1,0,0,0
82,2,3,0,0,0,0,0,0,0,0,0,0,0,0,1
82,2,4,0,0,0,0,0,0,0,-1,0,0,0,0,0
82,2,4,1,1,0,0,0,0,0,0,0,0,0,0,0
82,2,4,0,0,0,0,0,0,0,0,0,0,0,0,1
82,2,4,0,0,0,0,1,0,0,0,0,0,0,0,0
82,2,5,1,0,0,0,0,1,0,0,0,0,0,0,0
82,2,5,0,0,0,0,0,0,0,0,0,0,0,0,1
82,2,5,0,0,0,0,0,0,0,0,0,0,0,-1,0
82,2,5,0,0,0,0,0,0,0,0,0,1,0,0,0
82,2,6,0,0,0,0,0,0,0,0,0,0,0,0,1
82,2,6,0,0,0,0,0,0,1,0,0,0,0,0,0
82,2,6,1,0,1,0,0,0,0,0,0,0,0,0,0
82,2,6,0,0,0,0,0,0,0,-1,0,0,0,0,0
85,5,1,0,0,0,0,0,0,0,0,-1,0,0,0,0
85,5,1,1,1,0,0,0,0,0,0,0,0,0,0,0
85,5,1,0,0,0,0,0,0,0,0,0,1,0,0,0
85,5,1,0,0,0,1,0,0,0,0,0,0,0,0,0
85,5,2,0,0,0,0,0,-1,0,0,0,0,0,0,0
85,5,2,0,0,0,0,1,0,0,0,0,0,0,0,0
85,5,2,0,0,0,1,0,0,0,0,0,0,0,0,0
85,5,2,1,0,0,0,0,0,0,1,0,0,0,0,0
85,5,3,0,0,0,0,0,0,1,0,0,0,0,0,0
85,5,3,0,0,0,0,0,0,0,0,1,0,0,0,0
85,5,3,0,0,0,0,0,0,0,0,0,0,-1,0,0
85,5,3,1,0,1,0,0,0,0,0,0,0,0,0,0
85,5,4,0,0,0,0,0,0,0,0,0,1,0,0,0
85,5,4,0,0,0,0,0,0,0,0,0,0,0,1,0
85,5,4,1,0,0,0,0,0,0,1,0,0,0,0,0
85,5,4,0,0,0,0,0,0,0,0,-1,0,0,0,0
85,5,5,0,0,0,0,0,0,0,0,0,0,-1,0,0
85,5,5,0,0,0,1,0,0,0,0,0,0,0,0,0
85,5,5,1,1,0,0,0,0,0,0,0,0,0,0,0
85,5,5,0,0,0,0,0,0,0,0,0,1,0,0,0
85,5,6,0,0,0,0,0,0,0,0,0,0,0,1,0
85,5,6,1,0,1,0,0,0,0,0,0,0,0,0,0
85,5,6,0,0,0,0,0,0,0,0,-1,0,0,0,0
85,5,6,0,0,0,0,0,1,0,0,0,0,0,0,0
86,6,1,0,0,0,0,0,0,0,0,1,0,0,0,0
86,6,1,0,0,0,0,0,0,0,0,0,0,0,-1,0
86,6,1,1,0,0,1,0,0,0,0,0,0,0,0,0
86,6,1,0,0,0,0,0,1,0,0,0,0,0,0,0
86,6,2,1,0,0,0,0,0,0,1,0,0,0,0,0
86,6,2,0,0,0,0,0,0,0,0,0,1,0,0,0
86,6,2,0,0,0,0,0,0,1,0,0,0,0,0,0
86,6,2,0,0,0,0,0,0,0,0,0,0,-1,0,0
86,6,3,0,0,0,0,0,0,1,0,0,0,0,0,0
86,6,3,0,0,0,0,0,0,0,0,-1,0,0,0,0
86,6,3,1,0,0,0,1,0,0,0,0,0,0,0,0
86,6,3,0,0,0,1,0,0,0,0,0,0,0,0,0
86,6,4,0,0,0,0,1,0,0,0,0,0,0,0,0
86,6,4,0,0,0,0,0,0,0,0,0,0,0,0,-1
86,6,4,0,0,0,0,0,0,0,0,1,0,0,0,0
86,6,4,1,0,1,0,0,0,0,0,0,0,0,0,0
86,6,5,1,1,0,0,0,0,0,0,0,0,0,0,0
86,6,5,0,0,0,0,0,1,0,0,0,0,0,0,0
86,6,5,0,0,0,0,0,0,0,1,0,0,0,0,0
86,6,5,0,0,0,0,0,0,0,0,0,0,0,0,-1
86,6,6,0,0,0,0,0,0,0,0,0,0,0,-1,0
86,6,6,1,0,0,0,0,0,0,1,0,0,0,0,0
86,6,6,0,0,0,0,0,0,0,0,0,0,1,0,0
86,6,6,0,0,0,0,0,0,0,0,1,0,0,0,0
87,7,1,0,0,0,0,0,0,0,0,0,0,0,0,-1
87,7,1,1,0,0,0,1,0,0,0,0,0,0,0,0
87,7,1,0,0,0,0,0,0,0,0,0,0,0,1,0
87,7,1,0,0,0,0,0,0,0,0,0,0,1,0,0
87,7,2,0,0,0,0,1,0,0,0,0,0,0,0,0
87,7,2,1,1,0,0,0,0,0,0,0,0,0,0,0
87,7,2,0,0,1,0,0,0,0,0,0,0,0,0,0
87,7,2,0,0,0,0,0,0,0,-1,0,0,0,0,0
87,7,3,1,0,0,0,0,0,0,0,1,0,0,0,0
87,7,3,0,0,0,0,0,0,0,0,0,-1,0,0,0
87,7,3,0,0,0,0,0,0,0,1,0,0,0,0,0
87,7,3,0,0,1,0,0,0,0,0,0,0,0,0,0
87,7,4,0,0,0,0,0,0,0,0,0,-1,0,0,0
87,7,4,0,0,0,0,0,1,0,0,0,0,0,0,0
87,7,4,0,0,0,0,1,0,0,0,0,0,0,0,0
87,7,4,1,0,0,1,0,0,0,0,0,0,0,0,0
87,7,5,0,0,0,0,0,0,0,0,0,0,0,-1,0
87,7,5,0,0,0,0,1,0,0,0,0,0,0,0,0
87,7,5,0,0,0,0,0,0,0,0,0,0,1,0,0
87,7,5,1,1,0,0,0,0,0,0,0,0,0,0,0
87,7,6,0,0,0,0,0,-1,0,0,0,0,0,0,0
87,7,6,0,0,0,1,0,0,0,0,0,0,0,0,0
87,7,6,0,1,0,0,0,0,0,0,0,0,0,0,0
87,7,6,1,0,0,0,0,0,0,0,1,0,0,0,0
92,2,1,0,0,0,0,0,0,0,0,-1,0,0,0,0
92,2,1,0,0,0,0,0,0,0,0,0,0,1,0,0
92,2,1,0,0,0,0,0,0,0,1,0,0,0,0,0
92,2,1,1,1,0,0,0,0,0,0,0,0,0,0,0
92,2,2,0,0,0,0,0,0,1,0,0,0,0,0,0
92,2,2,0,0,0,0,0,0,0,0,-1,0,0,0,0
92,2,2,1,0,0,1,0,0,0,0,0,0,0,0,0
92,2,2,0,0,0,0,0,0,0,0,0,0,0,0,1
92,2,3,1,1,0,0,0,0,0,0,0,0,0,0,0
92,2,3,0,0,0,0,0,0,0,0,0,0,0,-1,0
92,2,3,0,0,0,0,0,0,0,0,0,1,0,0,0
92,2,3,0,0,0,0,0,0,0,0,0,0,0,0,1
92,2,4,0,0,0,0,0,0,0,1,0,0,0,0,0
92,2,4,1,1,0,0,0,0,0,0,0,0,0,0,0
92,2,4,0,0,0,0,0,0,0,0,0,0,0,0,-1
92,2,4,0,0,0,0,1,0,0,0,0,0,0,0,0
92,2,5,1,0,0,0,0,1,0,0,0,0,0,0,0
92,2,5,0,0,0,0,0,0,0,0,0,0,0,0,1
92,2,5,0,0,0,0,0,0,0,0,0,0,0,-1,0
92,2,5,0,0,0,0,0,0,0,0,0,1,0,0,0
92,2,6,0,0,0,0,0,0,0,0,0,0,0,0,1
92,2,6,0,0,0,0,0,0,-1,0,0,0,0,0,0
92,2,6,1,0,1,0,0,0,0,0,0,0,0,0,0
92,2,6,0,0,0,0,0,0,0,1,0,0,0,0,0
98,8,1,1,0,0,0,0,0,0,0,0,1,0,0,0
98,8,1,0,0,1,0,0,0,0,0,0,0,0,0,0
98,8,1,0,0,0,0,0,0,0,0,0,0,0,-1,0
98,8,1,0,1,0,0,0,0,0,0,0,0,0,0,0
98,8,2,0,0,0,0,0,1,0,0,0,0,0,0,0
98,8,2,0,0,0,0,0,0,0,0,0,0,1,0,0
98,8,2,0,0,0,0,0,0,0,-1,0,0,0,0,0
98,8,2,1,0,0,0,0,0,0,0,0,1,0,0,0
98,8,3,0,0,0,0,0,0,0,0,0,0,0,-1,0
98,8,3,0,0,0,0,0,1,0,0,0,0,0,0,0
98,8,3,0,0,0,0,0,0,1,0,0,0,0,0,0
98,8,3,1,0,0,0,0,0,0,0,1,0,0,0,0
98,8,4,1,0,0,0,0,0,0,0,0,1,0,0,0
98,8,4,0,0,0,0,0,0,0,0,1,0,0,0,0
98,8,4,0,0,1,0,0,0,0,0,0,0,0,0,0
98,8,4,0,0,0,0,0,0,0,0,0,0,0,0,-1
98,8,5,1,0,0,1,0,0,0,0,0,0,0,0,0
98,8,5,0,0,0,0,0,0,0,1,0,0,0,0,0
98,8,5,0,0,0,0,1,0,0,0,0,0,0,0,0
98,8,5,0,0,0,0,0,0,0,0,0,0,0,-1,0
98,8,6,0,1,0,0,0,0,0,0,0,0,0,0,0
98,8,6,0,0,0,0,0,0,0,0,0,0,0,0,-1
98,8,6,0,0,0,0,0,1,0,0,0,0,0,0,0
98,8,6,1,0,0,0,0,0,0,0,1,0,0,0,0
99,9,1,0,0,0,0,1,0,0,0,0,0,0,0,0
99,9,1,0,0,0,0,0,-1,0,0,0,0,0,0,0
99,9,1,1,1,0,0,0,0,0,0,0,0,0,0,0
99,9,1,0,0,0,1,0,0,0,0,0,0,0,0,0
99,9,2,1,0,1,0,0,0,0,0,0,0,0,0,0
99,9,2,0,0,0,0,0,0,0,1,0,0,0,0,0
99,9,2,0,0,0,1,0,0,0,0,0,0,0,0,0
99,9,2,0,0,0,0,0,0,0,0,0,0,0,-1,0
99,9,3,0,0,0,0,0,0,0,0,0,0,-1,0,0
99,9,3,0,0,0,0,0,0,1,0,0,0,0,0,0
99,9,3,1,0,1,0,0,0,0,0,0,0,0,0,0
99,9,3,0,0,0,0,0,1,0,0,0,0,0,0,0
99,9,4,0,0,0,0,0,0,0,0,1,0,0,0,0
99,9,4,0,0,0,0,0,0,0,0,0,0,-1,0,0
99,9,4,1,0,0,0,1,0,0,0,0,0,0,0,0
99,9,4,0,0,0,0,0,0,0,0,0,1,0,0,0
99,9,5,0,0,0,0,0,0,1,0,0,0,0,0,0
99,9,5,0,0,0,1,0,0,0,0,0,0,0,0,0
99,9,5,0,0,0,0,0,0,0,0,0,0,-1,0,0
99,9,5,1,1,0,0,0,0,0,0,0,0,0,0,0
99,9,6,0,0,0,0,0,0,0,0,0,0,-1,0,0
99,9,6,1,1,0,0,0,0,0,0,0,0,0,0,0
99,9,6,0,0,0,0,0,0,0,0,1,0,0,0,0
99,9,6,0,0,0,0,0,0,0,1,0,0,0,0,0
100,10,1,0,0,1,0,0,0,0,0,0,0,0,0,0
100,10,1,1,0,0,1,0,0,0,0,0,0,0,0,0
100,10,1,0,0,0,0,0,0,0,0,0,0,0,0,-1
100,10,1,0,0,0,0,0,0,0,0,0,0,1,0,0
100,10,2,0,0,0,0,0,0,0,-1,0,0,0,0,0
100,10,2,0,0,0,0,0,0,0,0,0,0,0,0,1
100,10,2,0,0,0,0,0,0,0,0,0,0,0,1,0
100,10,2,1,0,0,0,1,0,0,0,0,0,0,0,0
100,10,3,1,0,0,0,1,0,0,0,0,0,0,0,0
100,10,3,0,0,0,0,0,0,0,1,0,0,0,0,0
100,10,3,0,0,0,0,0,0,0,0,-1,0,0,0,0
100,10,3,0,0,0,0,0,0,1,0,0,0,0,0,0
100,10,4,0,0,0,0,0,0,0,0,0,0,0,0,1
100,10,4,0,0,0,0,0,0,0,0,0,0,1,0,0
100,10,4,1,0,0,1,0,0,0,0,0,0,0,0,0
100,10,4,0,0,0,0,0,0,0,0,0,0,0,-1,0
100,10,5,1,1,0,0,0,0,0,0,0,0,0,0,0
100,10,5,0,0,0,0,1,0,0,0,0,0,0,0,0
100,10,5,0,0,0,0,0,0,-1,0,0,0,0,0,0
100,10,5,0,0,0,0,0,1,0,0,0,0,0,0,0
100,10,6,1,1,0,0,0,0,0,0,0,0,0,0,0
100,10,6,0,0,1,0,0,0,0,0,0,0,0,0,0
100,10,6,0,0,0,0,0,1,0,0,0,0,0,0,0
100,10,6,0,0,0,0,0,0,0,0,0,0,0,-1,0
102,2,1,0,0,0,0,0,0,0,0,1,0,0,0,0
102,2,1,0,0,0,0,0,0,0,0,0,0,-1,0,0
102,2,1,0,0,0,0,0,0,0,1,0,0,0,0,0
102,2,1,1,1,0,0,0,0,0,0,0,0,0,0,0
102,2,2,0,0,0,0,0,0,1,0,0,0,0,0,0
102,2,2,0,0,0,0,0,0,0,0,1,0,0,0,0
102,2,2,1,0,0,1,0,0,0,0,0,0,0,0,0
102,2,2,0,0,0,0,0,0,0,0,0,0,0,0,-1
102,2,3,1,1,0,0,0,0,0,0,0,0,0,0,0
102,2,3,0,0,0,0,0,0,0,0,0,0,0,1,0
102,2,3,0,0,0,0,0,0,0,0,0,1,0,0,0
102,2,3,0,0,0,0,0,0,0,0,0,0,0,0,-1
102,2,4,0,0,0,0,0,0,0,1,0,0,0,0,0
102,2,4,1,1,0,0,0,0,0,0,0,0,0,0,0
102,2,4,0,0,0,0,0,0,0,0,0,0,0,0,-1
102,2,4,0,0,0,0,1,0,0,0,0,0,0,0,0
102,2,5,0,0,0,0,0,1,0,0,0,0,0,0,0
102,2,5,0,0,0,0,0,0,0,0,0,0,0,0,-1
102,2,5,0,0,0,0,0,0,0,0,0,0,0,1,0
102,2,5,1,0,0,0,0,0,0,0,0,1,0,0,0
102,2,6,0,0,0,0,0,0,0,0,0,0,0,0,-1
102,2,6,0,0,0,0,0,0,1,0,0,0,0,0,0
102,2,6,1,0,1,0,0,0,0,0,0,0,0,0,0
102,2,6,0,0,0,0,0,0,0,1,0,0,0,0,0
104,4,1,1,1,0,0,0,0,0,0,0,0,0,0,0
104,4,1,0,0,0,0,0,0,0,0,1,0,0,0,0
104,4,1,0,0,0,0,0,0,-1,0,0,0,0,0,0
104,4,1,0,0,0,0,0,0,0,0,0,0,0,0,1
104,4,2,1,0,1,0,0,0,0,0,0,0,0,0,0
104,4,2,0,0,0,0,0,0,0,0,0,0,1,0,0
104,4,2,0,0,0,0,0,1,0,0,0,0,0,0,0
104,4,2,0,0,0,0,0,0,-1,0,0,0,0,0,0
104,4,3,0,0,0,0,0,-1,0,0,0,0,0,0,0
104,4,3,0,0,0,0,0,0,0,0,0,1,0,0,0
104,4,3,0,1,0,0,0,0,0,0,0,0,0,0,0
104,4,3,1,0,1,0,0,0,0,0,0,0,0,0,0
104,4,4,0,0,0,0,0,0,0,1,0,0,0,0,0
104,4,4,0,0,0,0,0,0,1,0,0,0,0,0,0
104,4,4,1,0,0,0,0,0,0,0,0,1,0,0,0
104,4,4,0,0,0,0,0,-1,0,0,0,0,0,0,0
104,4,5,0,0,0,1,0,0,0,0,0,0,0,0,0
104,4,5,1,0,1,0,0,0,0,0,0,0,0,0,0
104,4,5,0,0,0,0,0,0,0,0,0,0,0,0,-1
104,4,5,0,0,0,0,0,0,0,0,0,1,0,0,0
104,4,6,0,0,0,0,0,0,-1,0,0,0,0,0,0
104,4,6,0,0,0,0,0,0,0,0,0,0,0,1,0
104,4,6,0,0,0,0,0,0,0,0,0,1,0,0,0
104,4,6,1,0,0,0,1,0,0,0,0,0,0,0,0
106,6,1,0,0,0,0,0,0,0,0,1,0,0,0,0
106,6,1,0,0,0,0,0,0,0,0,0,0,0,-1,0
106,6,1,1,0,0,1,0,0,0,0,0,0,0,0,0
106,6,1,0,0,0,0,0,1,0,0,0,0,0,0,0
106,6,2,0,0,0,0,0,0,0,-1,0,0,0,0,0
106,6,2,1,0,0,0,0,0,0,0,0,1,0,0,0
106,6,2,0,0,0,0,0,0,1,0,0,0,0,0,0
106,6,2,0,0,0,0,0,0,0,0,0,0,1,0,0
106,6,3,0,0,0,0,0,0,-1,0,0,0,0,0,0
106,6,3,0,0,0,0,0,0,0,0,1,0,0,0,0
106,6,3,0,0,0,0,1,0,0,0,0,0,0,0,0
106,6,3,1,0,0,1,0,0,0,0,0,0,0,0,0
106,6,4,0,0,0,0,1,0,0,0,0,0,0,0,0
106,6,4,0,0,0,0,0,0,0,0,0,0,0,0,1
106,6,4,1,0,0,0,0,0,0,0,1,0,0,0,0
106,6,4,0,0,-1,0,0,0,0,0,0,0,0,0,0
106,6,5,1,1,0,0,0,0,0,0,0,0,0,0,0
106,6,5,0,0,0,0,0,1,0,0,0,0,0,0,0
106,6,5,0,0,0,0,0,0,0,-1,0,0,0,0,0
106,6,5,0,0,0,0,0,0,0,0,0,0,0,0,1
106,6,6,0,0,0,0,0,0,0,0,0,0,0,1,0
106,6,6,0,0,0,0,0,0,0,-1,0,0,0,0,0
106,6,6,0,0,0,0,0,0,0,0,0,0,1,0,0
106,6,6,1,0,0,0,0,0,0,0,1,0,0,0,0
112,2,1,0,0,0,0,0,0,0,0,-1,0,0,0,0
112,2,1,1,0,0,0,0,0,0,0,0,0,1,0,0
112,2,1,0,0,0,0,0,0,0,1,0,0,0,0,0
112,2,1,0,1,0,0,0,0,0,0,0,0,0,0,0
112,2,2,0,0,0,0,0,0,1,0,0,0,0,0,0
112,2,2,0,0,0,0,0,0,0,0,-1,0,0,0,0
112,2,2,1,0,0,1,0,0,0,0,0,0,0,0,0
112,2,2,0,0,0,0,0,0,0,0,0,0,0,0,1
112,2,3,0,1,0,0,0,0,0,0,0,0,0,0,0
112,2,3,0,0,0,0,0,0,0,0,0,0,0,-1,0
112,2,3,0,0,0,0,0,0,0,0,0,1,0,0,0
112,2,3,1,0,0,0,0,0,0,0,0,0,0,0,1
112,2,4,0,0,0,0,0,0,0,-1,0,0,0,0,0
112,2,4,0,1,0,0,0,0,0,0,0,0,0,0,0
112,2,4,0,0,0,0,0,0,0,0,0,0,0,0,1
112,2,4,1,0,0,0,1,0,0,0,0,0,0,0,0
112,2,5,0,0,0,0,0,1,0,0,0,0,0,0,0
112,2,5,1,0,0,0,0,0,0,0,0,0,0,0,1
112,2,5,0,0,0,0,0,0,0,0,0,0,0,-1,0
112,2,5,0,0,0,0,0,0,0,0,0,1,0,0,0
112,2,6,0,0,0,0,0,0,0,0,0,0,0,0,1
112,2,6,0,0,0,0,0,0,-1,0,0,0,0,0,0
112,2,6,1,0,1,0,0,0,0,0,0,0,0,0,0
112,2,6,0,0,0,0,0,0,0,1,0,0,0,0,0
116,6,1,0,0,0,0,0,0,0,0,-1,0,0,0,0
116,6,1,0,0,0,0,0,0,0,0,0,0,0,1,0
116,6,1,1,0,0,1,0,0,0,0,0,0,0,0,0
116,6,1,0,0,0,0,0,1,0,0,0,0,0,0,0
116,6,2,1,0,0,0,0,0,0,1,0,0,0,0,0
116,6,2,0,0,0,0,0,0,0,0,0,1,0,0,0
116,6,2,0,0,0,0,0,0,1,0,0,0,0,0,0
116,6,2,0,0,0,0,0,0,0,0,0,0,-1,0,0
116,6,3,0,0,0,0,0,0,1,0,0,0,0,0,0
116,6,3,0,0,0,0,0,0,0,0,-1,0,0,0,0
116,6,3,1,0,0,0,1,0,0,0,0,0,0,0,0
116,6,3,0,0,0,1,0,0,0,0,0,0,0,0,0
116,6,4,1,0,0,0,1,0,0,0,0,0,0,0,0
116,6,4,0,0,0,0,0,0,0,0,0,0,0,0,1
116,6,4,0,0,0,0,0,0,0,0,-1,0,0,0,0
116,6,4,0,0,1,0,0,0,0,0,0,0,0,0,0
116,6,5,0,-1,0,0,0,0,0,0,0,0,0,0,0
116,6,5,0,0,0,0,0,1,0,0,0,0,0,0,0
116,6,5,1,0,0,0,0,0,0,1,0,0,0,0,0
116,6,5,0,0,0,0,0,0,0,0,0,0,0,0,1
116,6,6,0,0,0,0,0,0,0,0,0,0,0,1,0
116,6,6,1,0,0,0,0,0,0,1,0,0,0,0,0
116,6,6,0,0,0,0,0,0,0,0,0,0,1,0,0
116,6,6,0,0,0,0,0,0,0,0,-1,0,0,0,0
120,10,1,1,0,1,0,0,0,0,0,0,0,0,0,0
120,10,1,0,0,0,1,0,0,0,0,0,0,0,0,0
120,10,1,0,0,0,0,0,0,0,0,0,0,0,0,-1
120,10,1,0,0,0,0,0,0,0,0,0,0,1,0,0
120,10,2,0,0,0,0,0,0,0,-1,0,0,0,0,0
120,10,2,0,0,0,0,0,0,0,0,0,0,0,0,1
120,10,2,0,0,0,0,0,0,0,0,0,0,0,1,0
120,10,2,1,0,0,0,1,0,0,0,0,0,0,0,0
120,10,3,1,0,0,0,1,0,0,0,0,0,0,0,0
120,10,3,0,0,0,0,0,0,0,1,0,0,0,0,0
120,10,3,0,0,0,0,0,0,0,0,-1,0,0,0,0
120,10,3,0,0,0,0,0,0,1,0,0,0,0,0,0
120,10,4,0,0,0,0,0,0,0,0,0,0,0,0,1
120,10,4,0,0,0,0,0,0,0,0,0,0,1,0,0
120,10,4,1,0,0,1,0,0,0,0,0,0,0,0,0
120,10,4,0,0,0,0,0,0,0,0,0,0,0,-1,0
120,10,5,1,1,0,0,0,0,0,0,0,0,0,0,0
120,10,5,0,0,0,0,1,0,0,0,0,0,0,0,0
120,10,5,0,0,0,0,0,0,-1,0,0,0,0,0,0
120,10,5,0,0,0,0,0,1,0,0,0,0,0,0,0
120,10,6,0,1,0,0,0,0,0,0,0,0,0,0,0
120,10,6,1,0,1,0,0,0,0,0,0,0,0,0,0
120,10,6,0,0,0,0,0,-1,0,0,0,0,0,0,0
120,10,6,0,0,0,0,0,0,0,0,0,0,0,1,0
125,5,1,0,0,0,0,0,0,0,0,-1,0,0,0,0
125,5,1,1,1,0,0,0,0,0,0,0,0,0,0,0
125,5,1,0,0,0,0,0,0,0,0,0,1,0,0,0
125,5,1,0,0,0,1,0,0,0,0,0,0,0,0,0
125,5,2,0,0,0,0,0,-1,0,0,0,0,0,0,0
125,5,2,0,0,0,0,1,0,0,0,0,0,0,0,0
125,5,2,1,0,0,1,0,0,0,0,0,0,0,0,0
125,5,2,0,0,0,0,0,0,0,1,0,0,0,0,0
125,5,3,0,0,0,0,0,0,1,0,0,0,0,0,0
125,5,3,1,0,0,0,0,0,0,0,1,0,0,0,0
125,5,3,0,0,0,0,0,0,0,0,0,0,-1,0,0
125,5,3,0,0,1,0,0,0,0,0,0,0,0,0,0
125,5,4,0,0,0,0,0,0,0,0,0,1,0,0,0
125,5,4,0,0,0,0,0,0,0,0,0,0,0,-1,0
125,5,4,1,0,0,0,0,0,0,1,0,0,0,0,0
125,5,4,0,0,0,0,0,0,0,0,1,0,0,0,0
125,5,5,0,0,0,0,0,0,0,0,0,0,-1,0,0
125,5,5,0,0,0,1,0,0,0,0,0,0,0,0,0
125,5,5,1,1,0,0,0,0,0,0,0,0,0,0,0
125,5,5,0,0,0,0,0,0,0,0,0,1,0,0,0
125,5,6,0,0,0,0,0,0,0,0,0,0,0,-1,0
125,5,6,0,0,1,0,0,0,0,0,0,0,0,0,0
125,5,6,1,0,0,0,0,0,0,0,1,0,0,0,0
125,5,6,0,0,0,0,0,1,0,0,0,0,0,0,0
126,6,1,0,0,0,0,0,0,0,0,1,0,0,0,0
126,6,1,0,0,0,0,0,0,0,0,0,0,0,-1,0
126,6,1,1,0,0,1,0,0,0,0,0,0,0,0,0
126,6,1,0,0,0,0,0,1,0,0,0,0,0,0,0
126,6,2,1,0,0,0,0,0,0,1,0,0,0,0,0
126,6,2,0,0,0,0,0,0,0,0,0,1,0,0,0
126,6,2,0,0,0,0,0,0,-1,0,0,0,0,0,0
126,6,2,0,0,0,0,0,0,0,0,0,0,1,0,0
126,6,3,0,0,0,0,0,0,-1,0,0,0,0,0,0
126,6,3,0,0,0,0,0,0,0,0,1,0,0,0,0
126,6,3,0,0,0,0,1,0,0,0,0,0,0,0,0
126,6,3,1,0,0,1,0,0,0,0,0,0,0,0,0
126,6,4,0,0,0,0,1,0,0,0,0,0,0,0,0
126,6,4,0,0,0,0,0,0,0,0,0,0,0,0,-1
126,6,4,0,0,0,0,0,0,0,0,1,0,0,0,0
126,6,4,1,0,1,0,0,0,0,0,0,0,0,0,0
126,6,5,0,1,0,0,0,0,0,0,0,0,0,0,0
126,6,5,0,0,0,0,0,1,0,0,0,0,0,0,0
126,6,5,1,0,0,0,0,0,0,1,0,0,0,0,0
126,6,5,0,0,0,0,0,0,0,0,0,0,0,0,-1
126,6,6,0,0,0,0,0,0,0,0,0,0,0,-1,0
126,6,6,1,0,0,0,0,0,0,1,0,0,0,0,0
126,6,6,0,0,0,0,0,0,0,0,0,0,1,0,0
126,6,6,0,0,0,0,0,0,0,0,1,0,0,0,0
131,1,1,0,0,0,0,0,0,0,0,0,1,0,0,0
131,1,1,1,0,0,0,1,0,0,0,0,0,0,0,0
131,1,1,0,0,0,0,0,0,0,0,0,0,0,-1,0
131,1,1,0,0,0,0,0,0,1,0,0,0,0,0,0
131,1,2,0,0,0,0,0,0,0,0,0,0,0,0,-1
131,1,2,0,0,0,0,0,0,0,0,0,0,1,0,0
131,1,2,0,0,0,0,0,1,0,0,0,0,0,0,0
131,1,2,1,0,0,0,1,0,0,0,0,0,0,0,0
131,1,3,1,0,1,0,0,0,0,0,0,0,0,0,0
131,1,3,0,0,0,0,0,0,0,0,0,1,0,0,0
131,1,3,0,0,0,0,1,0,0,0,0,0,0,0,0
131,1,3,0,0,0,0,0,0,0,0,0,0,-1,0,0
131,1,4,1,0,0,1,0,0,0,0,0,0,0,0,0
131,1,4,0,0,0,0,0,0,0,1,0,0,0,0,0
131,1,4,0,0,0,0,0,0,0,0,0,-1,0,0,0
131,1,4,0,0,0,0,0,0,1,0,0,0,0,0,0
131,1,5,0,0,0,0,0,0,0,1,0,0,0,0,0
131,1,5,0,0,0,0,0,0,0,0,0,0,0,0,-1
131,1,5,0,0,0,0,0,0,0,0,0,0,1,0,0
131,1,5,1,0,0,1,0,0,0,0,0,0,0,0,0
131,1,6,0,0,0,0,0,0,1,0,0,0,0,0,0
131,1,6,0,0,0,0,0,0,0,0,0,0,0,1,0
131,1,6,0,0,0,0,0,0,0,0,0,0,0,0,-1
131,1,6,1,1,0,0,0,0,0,0,0,0,0,0,0
133,3,1,1,0,0,0,0,0,0,0,0,0,0,0,1
133,3,1,0,0,1,0,0,0,0,0,0,0,0,0,0
133,3,1,0,0,0,0,0,1,0,0,0,0,0,0,0
133,3,1,0,0,0,0,0,0,0,-1,0,0,0,0,0
133,3,2,0,0,1,0,0,0,0,0,0,0,0,0,0
133,3,2,0,0,0,0,0,0,1,0,0,0,0,0,0
133,3,2,1,1,0,0,0,0,0,0,0,0,0,0,0
133,3,2,0,0,0,0,-1,0,0,0,0,0,0,0,0
133,3,3,0,0,0,0,0,0,0,0,0,0,1,0,0
133,3,3,0,0,0,0,0,-1,0,0,0,0,0,0,0
133,3,3,0,0,0,0,0,0,1,0,0,0,0,0,0
133,3,3,1,0,0,0,0,0,0,0,0,0,0,1,0
133,3,4,0,0,0,0,0,0,0,0,0,0,0,1,0
133,3,4,1,1,0,0,0,0,0,0,0,0,0,0,0
133,3,4,0,0,-1,0,0,0,0,0,0,0,0,0,0
133,3,4,0,0,0,0,0,0,0,0,0,0,1,0,0
133,3,5,1,0,0,1,0,0,0,0,0,0,0,0,0
133,3,5,0,0,0,0,0,0,0,0,0,-1,0,0,0
133,3,5,0,0,0,0,0,0,0,0,0,0,0,0,1
133,3,5,0,0,0,0,0,0,1,0,0,0,0,0,0
133,3,6,0,0,0,0,1,0,0,0,0,0,0,0,0
133,3,6,1,0,0,1,0,0,0,0,0,0,0,0,0
133,3,6,0,0,0,0,0,0,0,0,1,0,0,0,0
133,3,6,0,0,-1,0,0,0,0,0,0,0,0,0,0
134,4,1,0,-1,0,0,0,0,0,0,0,0,0,0,0
134,4,1,1,0,0,0,0,0,0,0,1,0,0,0,0
134,4,1,0,0,0,0,0,0,1,0,0,0,0,0,0
134,4,1,0,0,0,0,0,0,0,0,0,0,0,0,1
134,4,2,1,0,1,0,0,0,0,0,0,0,0,0,0
134,4,2,0,0,0,0,0,0,0,0,0,0,-1,0,0
134,4,2,0,0,0,0,0,1,0,0,0,0,0,0,0
134,4,2,0,0,0,0,0,0,1,0,0,0,0,0,0
134,4,3,0,0,0,0,0,1,0,0,0,0,0,0,0
134,4,3,0,0,0,0,0,0,0,0,0,1,0,0,0
134,4,3,0,-1,0,0,0,0,0,0,0,0,0,0,0
134,4,3,1,0,1,0,0,0,0,0,0,0,0,0,0
134,4,4,0,0,0,0,0,0,0,-1,0,0,0,0,0
134,4,4,1,0,0,0,0,0,1,0,0,0,0,0,0
134,4,4,0,0,0,0,0,0,0,0,0,1,0,0,0
134,4,4,0,0,0,0,0,1,0,0,0,0,0,0,0
134,4,5,1,0,0,1,0,0,0,0,0,0,0,0,0
134,4,5,0,0,1,0,0,0,0,0,0,0,0,0,0
134,4,5,0,0,0,0,0,0,0,0,0,0,0,0,-1
134,4,5,0,0,0,0,0,0,0,0,0,1,0,0,0
134,4,6,1,0,0,0,0,0,1,0,0,0,0,0,0
134,4,6,0,0,0,0,0,0,0,0,0,0,0,-1,0
134,4,6,0,0,0,0,0,0,0,0,0,1,0,0,0
134,4,6,0,0,0,0,1,0,0,0,0,0,0,0,0
135,5,1,0,0,0,0,0,0,0,0,-1,0,0,0,0
135,5,1,0,1,0,0,0,0,0,0,0,0,0,0,0
135,5,1,0,0,0,0,0,0,0,0,0,1,0,0,0
135,5,1,1,0,0,1,0,0,0,0,0,0,0,0,0
135,5,2,0,0,0,0,0,1,0,0,0,0,0,0,0
135,5,2,0,0,0,0,-1,0,0,0,0,0,0,0,0
135,5,2,1,0,0,1,0,0,0,0,0,0,0,0,0
135,5,2,0,0,0,0,0,0,0,1,0,0,0,0,0
135,5,3,0,0,0,0,0,0,-1,0,0,0,0,0,0
135,5,3,0,0,0,0,0,0,0,0,1,0,0,0,0
135,5,3,0,0,0,0,0,0,0,0,0,0,1,0,0
135,5,3,1,0,1,0,0,0,0,0,0,0,0,0,0
135,5,4,0,0,0,0,0,0,0,0,0,1,0,0,0
135,5,4,1,0,0,0,0,0,0,0,0,0,0,1,0
135,5,4,0,0,0,0,0,0,0,-1,0,0,0,0,0
135,5,4,0,0,0,0,0,0,0,0,1,0,0,0,0
135,5,5,0,0,0,0,0,0,0,0,0,0,1,0,0
135,5,5,0,0,0,1,0,0,0,0,0,0,0,0,0
135,5,5,1,1,0,0,0,0,0,0,0,0,0,0,0
135,5,5,0,0,0,0,0,0,0,0,0,-1,0,0,0
135,5,6,1,0,0,0,0,0,0,0,0,0,0,1,0
135,5,6,0,0,1,0,0,0,0,0,0,0,0,0,0
135,5,6,0,0,0,0,0,0,0,0,1,0,0,0,0
135,5,6,0,0,0,0,0,-1,0,0,0,0,0,0,0
136,6,1,0,0,0,0,0,0,0,0,1,0,0,0,0
136,6,1,0,0,0,0,0,0,0,0,0,0,0,-1,0
136,6,1,1,0,0,1,0,0,0,0,0,0,0,0,0
136,6,1,0,0,0,0,0,1,0,0,0,0,0,0,0
136,6,2,1,0,0,0,0,0,0,1,0,0,0,0,0
136,6,2,0,0,0,0,0,0,0,0,0,-1,0,0,0
136,6,2,0,0,0,0,0,0,1,0,0,0,0,0,0
136,6,2,0,0,0,0,0,0,0,0,0,0,1,0,0
136,6,3,0,0,0,0,0,0,-1,0,0,0,0,0,0
136,6,3,0,0,0,0,0,0,0,0,1,0,0,0,0
136,6,3,0,0,0,0,1,0,0,0,0,0,0,0,0
136,6,3,1,0,0,1,0,0,0,0,0,0,0,0,0
136,6,4,0,0,0,0,1,0,0,0,0,0,0,0,0
136,6,4,0,0,0,0,0,0,0,0,0,0,0,0,-1
136,6,4,0,0,0,0,0,0,0,0,1,0,0,0,0
136,6,4,1,0,1,0,0,0,0,0,0,0,0,0,0
136,6,5,0,1,0,0,0,0,0,0,0,0,0,0,0
136,6,5,0,0,0,0,0,-1,0,0,0,0,0,0,0
136,6,5,1,0,0,0,0,0,0,1,0,0,0,0,0
136,6,5,0,0,0,0,0,0,0,0,0,0,0,0,1
136,6,6,0,0,0,0,0,0,0,0,0,0,0,-1,0
136,6,6,1,0,0,0,0,0,0,1,0,0,0,0,0
136,6,6,0,0,0,0,0,0,0,0,0,0,1,0,0
136,6,6,0,0,0,0,0,0,0,0,1,0,0,0,0
137,7,1,0,0,0,0,0,0,0,0,0,0,0,0,-1
137,7,1,0,0,0,0,1,0,0,0,0,0,0,0,0
137,7,1,0,0,0,0,0,0,0,0,0,0,0,1,0
137,7,1,1,0,0,0,0,0,0,0,0,0,1,0,0
137,7,2,0,0,0,0,1,0,0,0,0,0,0,0,0
137,7,2,1,1,0,0,0,0,0,0,0,0,0,0,0
137,7,2,0,0,-1,0,0,0,0,0,0,0,0,0,0
137,7,2,0,0,0,0,0,0,0,1,0,0,0,0,0
137,7,3,0,0,0,0,0,0,0,0,1,0,0,0,0
137,7,3,0,0,0,0,0,0,0,0,0,1,0,0,0
137,7,3,1,0,0,0,0,0,0,1,0,0,0,0,0
137,7,3,0,0,-1,0,0,0,0,0,0,0,0,0,0
137,7,4,0,0,0,0,0,0,0,0,0,1,0,0,0
137,7,4,0,0,0,0,0,1,0,0,0,0,0,0,0
137,7,4,0,0,0,0,-1,0,0,0,0,0,0,0,0
137,7,4,1,0,0,1,0,0,0,0,0,0,0,0,0
137,7,5,0,0,0,0,0,0,0,0,0,0,0,-1,0
137,7,5,0,0,0,0,1,0,0,0,0,0,0,0,0
137,7,5,0,0,0,0,0,0,0,0,0,0,1,0,0
137,7,5,1,1,0,0,0,0,0,0,0,0,0,0,0
137,7,6,0,0,0,0,0,1,0,0,0,0,0,0,0
137,7,6,0,0,0,1,0,0,0,0,0,0,0,0,0
137,7,6,1,1,0,0,0,0,0,0,0,0,0,0,0
137,7,6,0,0,0,0,0,0,0,0,-1,0,0,0,0
138,8,1,0,0,0,0,0,0,0,0,0,1,0,0,0
138,8,1,0,0,1,0,0,0,0,0,0,0,0,0,0
138,8,1,0,0,0,0,0,0,0,0,0,0,0,-1,0
138,8,1,1,1,0,0,0,0,0,0,0,0,0,0,0
138,8,2,0,0,0,0,0,1,0,0,0,0,0,0,0
138,8,2,0,0,0,0,0,0,0,0,0,0,1,0,0
138,8,2,1,0,0,0,0,0,0,1,0,0,0,0,0
138,8,2,0,0,0,0,0,0,0,0,0,-1,0,0,0
138,8,3,0,0,0,0,0,0,0,0,0,0,0,-1,0
138,8,3,0,0,0,0,0,1,0,0,0,0,0,0,0
138,8,3,1,0,0,0,0,0,1,0,0,0,0,0,0
138,8,3,0,0,0,0,0,0,0,0,1,0,0,0,0
138,8,4,0,0,0,0,0,0,0,0,0,1,0,0,0
138,8,4,0,0,0,0,0,0,0,0,1,0,0,0,0
138,8,4,1,0,1,0,0,0,0,0,0,0,0,0,0
138,8,4,0,0,0,0,0,0,0,0,0,0,0,0,-1
138,8,5,0,0,0,1,0,0,0,0,0,0,0,0,0
138,8,5,1,0,0,0,0,0,0,1,0,0,0,0,0
138,8,5,0,0,0,0,1,0,0,0,0,0,0,0,0
138,8,5,0,0,0,0,0,0,0,0,0,0,0,-1,0
138,8,6,1,1,0,0,0,0,0,0,0,0,0,0,0
138,8,6,0,0,0,0,0,0,0,0,0,0,0,0,-1
138,8,6,0,0,0,0,0,1,0,0,0,0,0,0,0
138,8,6,0,0,0,0,0,0,0,0,1,0,0,0,0
139,9,1,0,0,0,0,1,0,0,0,0,0,0,0,0
139,9,1,0,0,0,0,0,-1,0,0,0,0,0,0,0
139,9,1,1,1,0,0,0,0,0,0,0,0,0,0,0
139,9,1,0,0,0,1,0,0,0,0,0,0,0,0,0
139,9,2,0,0,1,0,0,0,0,0,0,0,0,0,0
139,9,2,1,0,0,0,0,0,0,1,0,0,0,0,0
139,9,2,0,0,0,1,0,0,0,0,0,0,0,0,0
139,9,2,0,0,0,0,0,0,0,0,0,0,0,-1,0
139,9,3,0,0,0,0,0,0,0,0,0,0,-1,0,0
139,9,3,0,0,0,0,0,0,1,0,0,0,0,0,0
139,9,3,1,0,1,0,0,0,0,0,0,0,0,0,0
139,9,3,0,0,0,0,0,1,0,0,0,0,0,0,0
139,9,4,0,0,0,0,0,0,0,0,1,0,0,0,0
139,9,4,0,0,0,0,0,0,0,0,0,0,-1,0,0
139,9,4,1,0,0,0,1,0,0,0,0,0,0,0,0
139,9,4,0,0,0,0,0,0,0,0,0,1,0,0,0
139,9,5,0,0,0,0,0,0,1,0,0,0,0,0,0
139,9,5,0,0,0,1,0,0,0,0,0,0,0,0,0
139,9,5,0,0,0,0,0,0,0,0,0,0,-1,0,0
139,9,5,1,1,0,0,0,0,0,0,0,0,0,0,0
139,9,6,0,0,0,0,0,0,0,0,0,0,-1,0,0
139,9,6,1,1,0,0,0,0,0,0,0,0,0,0,0
139,9,6,0,0,0,0,0,0,0,0,1,0,0,0,0
139,9,6,0,0,0,0,0,0,0,1,0,0,0,0,0
146,6,1,0,0,0,0,0,0,0,0,1,0,0,0,0
146,6,1,0,0,0,0,0,0,0,0,0,0,0,-1,0
146,6,1,1,0,0,1,0,0,0,0,0,0,0,0,0
146,6,1,0,0,0,0,0,1,0,0,0,0,0,0,0
146,6,2,0,0,0,0,0,0,0,-1,0,0,0,0,0
146,6,2,0,0,0,0,0,0,0,0,0,1,0,0,0
146,6,2,1,0,0,0,0,0,1,0,0,0,0,0,0
146,6,2,0,0,0,0,0,0,0,0,0,0,1,0,0
146,6,3,0,0,0,0,0,0,-1,0,0,0,0,0,0
146,6,3,0,0,0,0,0,0,0,0,1,0,0,0,0
146,6,3,0,0,0,0,1,0,0,0,0,0,0,0,0
146,6,3,1,0,0,1,0,0,0,0,0,0,0,0,0
146,6,4,0,0,0,0,1,0,0,0,0,0,0,0,0
146,6,4,0,0,0,0,0,0,0,0,0,0,0,0,-1
146,6,4,0,0,0,0,0,0,0,0,1,0,0,0,0
146,6,4,1,0,1,0,0,0,0,0,0,0,0,0,0
146,6,5,1,1,0,0,0,0,0,0,0,0,0,0,0
146,6,5,0,0,0,0,0,1,0,0,0,0,0,0,0
146,6,5,0,0,0,0,0,0,0,-1,0,0,0,0,0
146,6,5,0,0,0,0,0,0,0,0,0,0,0,0,1
146,6,6,0,0,0,0,0,0,0,0,0,0,0,1,0
146,6,6,0,0,0,0,0,0,0,-1,0,0,0,0,0
146,6,6,0,0,0,0,0,0,0,0,0,0,1,0,0
146,6,6,1,0,0,0,0,0,0,0,1,0,0,0,0
147,7,1,0,0,0,0,0,0,0,0,0,0,0,0,1
147,7,1,0,0,0,0,1,0,0,0,0,0,0,0,0
147,7,1,0,0,0,0,0,0,0,0,0,0,0,-1,0
147,7,1,1,0,0,0,0,0,0,0,0,0,1,0,0
147,7,2,0,0,0,0,1,0,0,0,0,0,0,0,0
147,7,2,1,1,0,0,0,0,0,0,0,0,0,0,0
147,7,2,0,0,-1,0,0,0,0,0,0,0,0,0,0
147,7,2,0,0,0,0,0,0,0,1,0,0,0,0,0
147,7,3,1,0,0,0,0,0,0,0,1,0,0,0,0
147,7,3,0,0,0,0,0,0,0,0,0,1,0,0,0
147,7,3,0,0,0,0,0,0,0,1,0,0,0,0,0
147,7,3,0,0,-1,0,0,0,0,0,0,0,0,0,0
147,7,4,0,0,0,0,0,0,0,0,0,1,0,0,0
147,7,4,0,0,0,0,0,-1,0,0,0,0,0,0,0
147,7,4,0,0,0,0,1,0,0,0,0,0,0,0,0
147,7,4,1,0,0,1,0,0,0,0,0,0,0,0,0
147,7,5,0,0,0,0,0,0,0,0,0,0,0,-1,0
147,7,5,0,0,0,0,1,0,0,0,0,0,0,0,0
147,7,5,0,0,0,0,0,0,0,0,0,0,1,0,0
147,7,5,1,1,0,0,0,0,0,0,0,0,0,0,0
147,7,6,0,0,0,0,0,-1,0,0,0,0,0,0,0
147,7,6,0,0,0,1,0,0,0,0,0,0,0,0,0
147,7,6,0,1,0,0,0,0,0,0,0,0,0,0,0
147,7,6,1,0,0,0,0,0,0,0,1,0,0,0,0
148,8,1,0,0,0,0,0,0,0,0,0,1,0,0,0
148,8,1,0,0,-1,0,0,0,0,0,0,0,0,0,0
148,8,1,1,0,0,0,0,0,0,0,0,0,0,1,0
148,8,1,0,1,0,0,0,0,0,0,0,0,0,0,0
148,8,2,0,0,0,0,0,1,0,0,0,0,0,0,0
148,8,2,0,0,0,0,0,0,0,0,0,0,1,0,0
148,8,2,0,0,0,0,0,0,0,-1,0,0,0,0,0
148,8,2,1,0,0,0,0,0,0,0,0,1,0,0,0
148,8,3,0,0,0,0,0,0,0,0,0,0,0,1,0
148,8,3,0,0,0,0,0,-1,0,0,0,0,0,0,0
148,8,3,0,0,0,0,0,0,1,0,0,0,0,0,0
148,8,3,1,0,0,0,0,0,0,0,1,0,0,0,0
148,8,4,0,0,0,0,0,0,0,0,0,1,0,0,0
148,8,4,0,0,0,0,0,0,0,0,1,0,0,0,0
148,8,4,0,0,-1,0,0,0,0,0,0,0,0,0,0
148,8,4,1,0,0,0,0,0,0,0,0,0,0,0,1
148,8,5,1,0,0,1,0,0,0,0,0,0,0,0,0
148,8,5,0,0,0,0,0,0,0,-1,0,0,0,0,0
148,8,5,0,0,0,0,1,0,0,0,0,0,0,0,0
148,8,5,0,0,0,0,0,0,0,0,0,0,0,1,0
148,8,6,0,1,0,0,0,0,0,0,0,0,0,0,0
148,8,6,0,0,0,0,0,0,0,0,0,0,0,0,1
148,8,6,0,0,0,0,0,-1,0,0,0,0,0,0,0
148,8,6,1,0,0,0,0,0,0,0,1,0,0,0,0
149,9,1,0,0,0,0,1,0,0,0,0,0,0,0,0
149,9,1,0,0,0,0,0,-1,0,0,0,0,0,0,0
149,9,1,1,1,0,0,0,0,0,0,0,0,0,0,0
149,9,1,0,0,0,1,0,0,0,0,0,0,0,0,0
149,9,2,1,0,1,0,0,0,0,0,0,0,0,0,0
149,9,2,0,0,0,0,0,0,0,-1,0,0,0,0,0
149,9,2,0,0,0,1,0,0,0,0,0,0,0,0,0
149,9,2,0,0,0,0,0,0,0,0,0,0,0,1,0
149,9,3,0,0,0,0,0,0,0,0,0,0,1,0,0
149,9,3,0,0,0,0,0,0,1,0,0,0,0,0,0
149,9,3,1,0,1,0,0,0,0,0,0,0,0,0,0
149,9,3,0,0,0,0,0,-1,0,0,0,0,0,0,0
149,9,4,1,0,0,0,0,0,0,0,1,0,0,0,0
149,9,4,0,0,0,0,0,0,0,0,0,0,-1,0,0
149,9,4,0,0,0,0,1,0,0,0,0,0,0,0,0
149,9,4,0,0,0,0,0,0,0,0,0,1,0,0,0
149,9,5,0,0,0,0,0,0,-1,0,0,0,0,0,0
149,9,5,0,0,0,1,0,0,0,0,0,0,0,0,0
149,9,5,0,0,0,0,0,0,0,0,0,0,1,0,0
149,9,5,1,1,0,0,0,0,0,0,0,0,0,0,0
149,9,6,0,0,0,0,0,0,0,0,0,0,1,0,0
149,9,6,1,1,0,0,0,0,0,0,0,0,0,0,0
149,9,6,0,0,0,0,0,0,0,0,1,0,0,0,0
149,9,6,0,0,0,0,0,0,0,-1,0,0,0,0,0
150,10,1,0,0,1,0,0,0,0,0,0,0,0,0,0
150,10,1,1,0,0,1,0,0,0,0,0,0,0,0,0
150,10,1,0,0,0,0,0,0,0,0,0,0,0,0,-1
150,10,1,0,0,0,0,0,0,0,0,0,0,1,0,0
150,10,2,0,0,0,0,0,0,0,1,0,0,0,0,0
150,10,2,0,0,0,0,0,0,0,0,0,0,0,0,1
150,10,2,0,0,0,0,0,0,0,0,0,0,0,-1,0
150,10,2,1,0,0,0,1,0,0,0,0,0,0,0,0
150,10,3,1,0,0,0,1,0,0,0,0,0,0,0,0
150,10,3,0,0,0,0,0,0,0,-1,0,0,0,0,0
150,10,3,0,0,0,0,0,0,0,0,1,0,0,0,0
150,10,3,0,0,0,0,0,0,1,0,0,0,0,0,0
150,10,4,0,0,0,0,0,0,0,0,0,0,0,0,1
150,10,4,0,0,0,0,0,0,0,0,0,0,-1,0,0
150,10,4,1,0,0,1,0,0,0,0,0,0,0,0,0
150,10,4,0,0,0,0,0,0,0,0,0,0,0,1,0
150,10,5,0,1,0,0,0,0,0,0,0,0,0,0,0
150,10,5,1,0,0,0,1,0,0,0,0,0,0,0,0
150,10,5,0,0,0,0,0,0,1,0,0,0,0,0,0
150,10,5,0,0,0,0,0,1,0,0,0,0,0,0,0
150,10,6,1,1,0,0,0,0,0,0,0,0,0,0,0
150,10,6,0,0,1,0,0,0,0,0,0,0,0,0,0
150,10,6,0,0,0,0,0,1,0,0,0,0,0,0,0
150,10,6,0,0,0,0,0,0,0,0,0,0,0,-1,0
151,1,1,0,0,0,0,0,0,0,0,0,-1,0,0,0
151,1,1,0,0,0,0,1,0,0,0,0,0,0,0,0
151,1,1,1,0,0,0,0,0,0,0,0,0,0,1,0
151,1,1,0,0,0,0,0,0,1,0,0,0,0,0,0
151,1,2,1,0,0,0,0,0,0,0,0,0,0,0,1
151,1,2,0,0,0,0,0,0,0,0,0,0,1,0,0
151,1,2,0,0,0,0,0,-1,0,0,0,0,0,0,0
151,1,2,0,0,0,0,1,0,0,0,0,0,0,0,0
151,1,3,0,0,1,0,0,0,0,0,0,0,0,0,0
151,1,3,0,0,0,0,0,0,0,0,0,-1,0,0,0
151,1,3,0,0,0,0,1,0,0,0,0,0,0,0,0
151,1,3,1,0,0,0,0,0,0,0,0,0,1,0,0
151,1,4,1,0,0,1,0,0,0,0,0,0,0,0,0
151,1,4,0,0,0,0,0,0,0,-1,0,0,0,0,0
151,1,4,0,0,0,0,0,0,0,0,0,1,0,0,0
151,1,4,0,0,0,0,0,0,1,0,0,0,0,0,0
151,1,5,0,0,0,0,0,0,0,-1,0,0,0,0,0
151,1,5,1,0,0,0,0,0,0,0,0,0,0,0,1
151,1,5,0,0,0,0,0,0,0,0,0,0,1,0,0
151,1,5,0,0,0,1,0,0,0,0,0,0,0,0,0
151,1,6,0,0,0,0,0,0,1,0,0,0,0,0,0
151,1,6,1,0,0,0,0,0,0,0,0,0,0,1,0
151,1,6,0,0,0,0,0,0,0,0,0,0,0,0,1
151,1,6,0,-1,0,0,0,0,0,0,0,0,0,0,0
152,2,1,0,0,0,0,0,0,0,0,1,0,0,0,0
152,2,1,0,0,0,0,0,0,0,0,0,0,1,0,0
152,2,1,0,0,0,0,0,0,0,-1,0,0,0,0,0
152,2,1,1,1,0,0,0,0,0,0,0,0,0,0,0
152,2,2,1,0,0,0,0,0,1,0,0,0,0,0,0
152,2,2,0,0,0,0,0,0,0,0,1,0,0,0,0
152,2,2,0,0,0,1,0,0,0,0,0,0,0,0,0
152,2,2,0,0,0,0,0,0,0,0,0,0,0,0,-1
152,2,3,1,1,0,0,0,0,0,0,0,0,0,0,0
152,2,3,0,0,0,0,0,0,0,0,0,0,0,1,0
152,2,3,0,0,0,0,0,0,0,0,0,1,0,0,0
152,2,3,0,0,0,0,0,0,0,0,0,0,0,0,-1
152,2,4,0,0,0,0,0,0,0,-1,0,0,0,0,0
152,2,4,1,1,0,0,0,0,0,0,0,0,0,0,0
152,2,4,0,0,0,0,0,0,0,0,0,0,0,0,1
152,2,4,0,0,0,0,1,0,0,0,0,0,0,0,0
152,2,5,0,0,0,0,0,-1,0,0,0,0,0,0,0
152,2,5,1,0,0,0,0,0,0,0,0,0,0,0,1
152,2,5,0,0,0,0,0,0,0,0,0,0,0,1,0
152,2,5,0,0,0,0,0,0,0,0,0,1,0,0,0
152,2,6,0,0,0,0,0,0,0,0,0,0,0,0,1
152,2,6,1,0,0,0,0,0,1,0,0,0,0,0,0
152,2,6,0,0,1,0,0,0,0,0,0,0,0,0,0
152,2,6,0,0,0,0,0,0,0,-1,0,0,0,0,0
153,3,1,0,0,0,0,0,0,0,0,0,0,0,0,-1
153,3,1,1,0,1,0,0,0,0,0,0,0,0,0,0
153,3,1,0,0,0,0,0,1,0,0,0,0,0,0,0
153,3,1,0,0,0,0,0,0,0,1,0,0,0,0,0
153,3,2,0,0,1,0,0,0,0,0,0,0,0,0,0
153,3,2,0,0,0,0,0,0,-1,0,0,0,0,0,0
153,3,2,0,1,0,0,0,0,0,0,0,0,0,0,0
153,3,2,1,0,0,0,1,0,0,0,0,0,0,0,0
153,3,3,0,0,0,0,0,0,0,0,0,0,1,0,0
153,3,3,1,0,0,0,0,1,0,0,0,0,0,0,0
153,3,3,0,0,0,0,0,0,1,0,0,0,0,0,0
153,3,3,0,0,0,0,0,0,0,0,0,0,0,-1,0
153,3,4,0,0,0,0,0,0,0,0,0,0,0,1,0
153,3,4,0,1,0,0,0,0,0,0,0,0,0,0,0
153,3,4,1,0,1,0,0,0,0,0,0,0,0,0,0
153,3,4,0,0,0,0,0,0,0,0,0,0,-1,0,0
153,3,5,1,0,0,1,0,0,0,0,0,0,0,0,0
153,3,5,0,0,0,0,0,0,0,0,0,1,0,0,0
153,3,5,0,0,0,0,0,0,0,0,0,0,0,0,1
153,3,5,0,0,0,0,0,0,-1,0,0,0,0,0,0
153,3,6,0,0,0,0,1,0,0,0,0,0,0,0,0
153,3,6,1,0,0,1,0,0,0,0,0,0,0,0,0
153,3,6,0,0,0,0,0,0,0,0,1,0,0,0,0
153,3,6,0,0,-1,0,0,0,0,0,0,0,0,0,0
156,6,1,0,0,0,0,0,0,0,0,-1,0,0,0,0
156,6,1,0,0,0,0,0,0,0,0,0,0,0,1,0
156,6,1,1,0,0,1,0,0,0,0,0,0,0,0,0
156,6,1,0,0,0,0,0,1,0,0,0,0,0,0,0
156,6,2,1,0,0,0,0,0,0,1,0,0,0,0,0
156,6,2,0,0,0,0,0,0,0,0,0,1,0,0,0
156,6,2,0,0,0,0,0,0,1,0,0,0,0,0,0
156,6,2,0,0,0,0,0,0,0,0,0,0,-1,0,0
156,6,3,1,0,0,0,0,0,1,0,0,0,0,0,0
156,6,3,0,0,0,0,0,0,0,0,1,0,0,0,0
156,6,3,0,0,0,0,1,0,0,0,0,0,0,0,0
156,6,3,0,0,0,-1,0,0,0,0,0,0,0,0,0
156,6,4,0,0,0,0,1,0,0,0,0,0,0,0,0
156,6,4,0,0,0,0,0,0,0,0,0,0,0,0,-1
156,6,4,0,0,0,0,0,0,0,0,1,0,0,0,0
156,6,4,1,0,1,0,0,0,0,0,0,0,0,0,0
156,6,5,0,1,0,0,0,0,0,0,0,0,0,0,0
156,6,5,0,0,0,0,0,1,0,0,0,0,0,0,0
156,6,5,0,0,0,0,0,0,0,-1,0,0,0,0,0
156,6,5,1,0,0,0,0,0,0,0,0,0,0,0,1
156,6,6,0,0,0,0,0,0,0,0,0,0,0,1,0
156,6,6,0,0,0,0,0,0,0,-1,0,0,0,0,0
156,6,6,0,0,0,0,0,0,0,0,0,0,1,0,0
156,6,6,1,0,0,0,0,0,0,0,1,0,0,0,0
157,7,1,0,0,0,0,0,0,0,0,0,0,0,0,1
157,7,1,1,0,0,0,1,0,0,0,0,0,0,0,0
157,7,1,0,0,0,0,0,0,0,0,0,0,0,-1,0
157,7,1,0,0,0,0,0,0,0,0,0,0,1,0,0
157,7,2,0,0,0,0,1,0,0,0,0,0,0,0,0
157,7,2,0,-1,0,0,0,0,0,0,0,0,0,0,0
157,7,2,1,0,1,0,0,0,0,0,0,0,0,0,0
157,7,2,0,0,0,0,0,0,0,1,0,0,0,0,0
157,7,3,1,0,0,0,0,0,0,0,1,0,0,0,0
157,7,3,0,0,0,0,0,0,0,0,0,1,0,0,0
157,7,3,0,0,0,0,0,0,0,-1,0,0,0,0,0
157,7,3,0,0,1,0,0,0,0,0,0,0,0,0,0
157,7,4,0,0,0,0,0,0,0,0,0,1,0,0,0
157,7,4,0,0,0,0,0,-1,0,0,0,0,0,0,0
157,7,4,1,0,0,0,1,0,0,0,0,0,0,0,0
157,7,4,0,0,0,1,0,0,0,0,0,0,0,0,0
157,7,5,0,0,0,0,0,0,0,0,0,0,0,-1,0
157,7,5,1,0,0,0,1,0,0,0,0,0,0,0,0
157,7,5,0,0,0,0,0,0,0,0,0,0,1,0,0
157,7,5,0,1,0,0,0,0,0,0,0,0,0,0,0
157,7,6,0,0,0,0,0,1,0,0,0,0,0,0,0
157,7,6,0,0,0,1,0,0,0,0,0,0,0,0,0
157,7,6,0,-1,0,0,0,0,0,0,0,0,0,0,0
157,7,6,1,0,0,0,0,0,0,0,1,0,0,0,0
160,10,1,0,0,1,0,0,0,0,0,0,0,0,0,0
160,10,1,1,0,0,1,0,0,0,0,0,0,0,0,0
160,10,1,0,0,0,0,0,0,0,0,0,0,0,0,-1
160,10,1,0,0,0,0,0,0,0,0,0,0,1,0,0
160,10,2,1,0,0,0,0,0,0,1,0,0,0,0,0
160,10,2,0,0,0,0,0,0,0,0,0,0,0,0,1
160,10,2,0,0,0,0,0,0,0,0,0,0,0,-1,0
160,10,2,0,0,0,0,1,0,0,0,0,0,0,0,0
160,10,3,0,0,0,0,-1,0,0,0,0,0,0,0,0
160,10,3,0,0,0,0,0,0,0,1,0,0,0,0,0
160,10,3,0,0,0,0,0,0,0,0,1,0,0,0,0
160,10,3,1,0,0,0,0,0,1,0,0,0,0,0,0
160,10,4,0,0,0,0,0,0,0,0,0,0,0,0,1
160,10,4,0,0,0,0,0,0,0,0,0,0,1,0,0
160,10,4,1,0,0,1,0,0,0,0,0,0,0,0,0
160,10,4,0,0,0,0,0,0,0,0,0,0,0,-1,0
160,10,5,1,1,0,0,0,0,0,0,0,0,0,0,0
160,10,5,0,0,0,0,1,0,0,0,0,0,0,0,0
160,10,5,0,0,0,0,0,0,1,0,0,0,0,0,0
160,10,5,0,0,0,0,0,1,0,0,0,0,0,0,0
160,10,6,1,1,0,0,0,0,0,0,0,0,0,0,0
160,10,6,0,0,1,0,0,0,0,0,0,0,0,0,0
160,10,6,0,0,0,0,0,1,0,0,0,0,0,0,0
160,10,6,0,0,0,0,0,0,0,0,0,0,0,-1,0
161,1,1,0,0,0,0,0,0,0,0,0,-1,0,0,0
161,1,1,1,0,0,0,1,0,0,0,0,0,0,0,0
161,1,1,0,0,0,0,0,0,0,0,0,0,0,1,0
161,1,1,0,0,0,0,0,0,1,0,0,0,0,0,0
161,1,2,0,0,0,0,0,0,0,0,0,0,0,0,1
161,1,2,1,0,0,0,0,0,0,0,0,0,1,0,0
161,1,2,0,0,0,0,0,-1,0,0,0,0,0,0,0
161,1,2,0,0,0,0,1,0,0,0,0,0,0,0,0
161,1,3,1,0,1,0,0,0,0,0,0,0,0,0,0
161,1,3,0,0,0,0,0,0,0,0,0,-1,0,0,0
161,1,3,0,0,0,0,1,0,0,0,0,0,0,0,0
161,1,3,0,0,0,0,0,0,0,0,0,0,1,0,0
161,1,4,1,0,0,1,0,0,0,0,0,0,0,0,0
161,1,4,0,0,0,0,0,0,0,1,0,0,0,0,0
161,1,4,0,0,0,0,0,0,0,0,0,-1,0,0,0
161,1,4,0,0,0,0,0,0,1,0,0,0,0,0,0
161,1,5,0,0,0,0,0,0,0,-1,0,0,0,0,0
161,1,5,0,0,0,0,0,0,0,0,0,0,0,0,1
161,1,5,0,0,0,0,0,0,0,0,0,0,1,0,0
161,1,5,1,0,0,1,0,0,0,0,0,0,0,0,0
161,1,6,1,0,0,0,0,0,1,0,0,0,0,0,0
161,1,6,0,0,0,0,0,0,0,0,0,0,0,1,0
161,1,6,0,0,0,0,0,0,0,0,0,0,0,0,1
161,1,6,0,-1,0,0,0,0,0,0,0,0,0,0,0
162,2,1,1,0,0,0,0,0,0,0,1,0,0,0,0
162,2,1,0,0,0,0,0,0,0,0,0,0,1,0,0
162,2,1,0,0,0,0,0,0,0,1,0,0,0,0,0
162,2,1,0,-1,0,0,0,0,0,0,0,0,0,0,0
162,2,2,0,0,0,0,0,0,1,0,0,0,0,0,0
162,2,2,1,0,0,0,0,0,0,0,1,0,0,0,0
162,2,2,0,0,0,1,0,0,0,0,0,0,0,0,0
162,2,2,0,0,0,0,0,0,0,0,0,0,0,0,-1
162,2,3,0,1,0,0,0,0,0,0,0,0,0,0,0
162,2,3,1,0,0,0,0,0,0,0,0,0,0,1,0
162,2,3,0,0,0,0,0,0,0,0,0,1,0,0,0
162,2,3,0,0,0,0,0,0,0,0,0,0,0,0,-1
162,2,4,1,0,0,0,0,0,0,1,0,0,0,0,0
162,2,4,0,-1,0,0,0,0,0,0,0,0,0,0,0
162,2,4,0,0,0,0,0,0,0,0,0,0,0,0,1
162,2,4,0,0,0,0,1,0,0,0,0,0,0,0,0
162,2,5,0,0,0,0,0,1,0,0,0,0,0,0,0
162,2,5,1,0,0,0,0,0,0,0,0,0,0,0,1
162,2,5,0,0,0,0,0,0,0,0,0,0,0,1,0
162,2,5,0,0,0,0,0,0,0,0,0,-1,0,0,0
162,2,6,0,0,0,0,0,0,0,0,0,0,0,0,1
162,2,6,0,0,0,0,0,0,-1,0,0,0,0,0,0
162,2,6,1,0,1,0,0,0,0,0,0,0,0,0,0
162,2,6,0,0,0,0,0,0,0,1,0,0,0,0,0
163,3,1,1,0,0,0,0,0,0,0,0,0,0,0,1
163,3,1,0,0,1,0,0,0,0,0,0,0,0,0,0
163,3,1,0,0,0,0,0,-1,0,0,0,0,0,0,0
163,3,1,0,0,0,0,0,0,0,1,0,0,0,0,0
163,3,2,0,0,1,0,0,0,0,0,0,0,0,0,0
163,3,2,0,0,0,0,0,0,1,0,0,0,0,0,0
163,3,2,1,1,0,0,0,0,0,0,0,0,0,0,0
163,3,2,0,0,0,0,-1,0,0,0,0,0,0,0,0
163,3,3,1,0,0,0,0,0,0,0,0,0,1,0,0
163,3,3,0,0,0,0,0,1,0,0,0,0,0,0,0
163,3,3,0,0,0,0,0,0,-1,0,0,0,0,0,0
163,3,3,0,0,0,0,0,0,0,0,0,0,0,1,0
163,3,4,1,0,0,0,0,0,0,0,0,0,0,1,0
163,3,4,0,1,0,0,0,0,0,0,0,0,0,0,0
163,3,4,0,0,-1,0,0,0,0,0,0,0,0,0,0
163,3,4,0,0,0,0,0,0,0,0,0,0,1,0,0
163,3,5,1,0,0,1,0,0,0,0,0,0,0,0,0
163,3,5,0,0,0,0,0,0,0,0,0,1,0,0,0
163,3,5,0,0,0,0,0,0,0,0,0,0,0,0,-1
163,3,5,0,0,0,0,0,0,1,0,0,0,0,0,0
163,3,6,1,0,0,0,1,0,0,0,0,0,0,0,0
163,3,6,0,0,0,-1,0,0,0,0,0,0,0,0,0
163,3,6,0,0,0,0,0,0,0,0,1,0,0,0,0
163,3,6,0,0,1,0,0,0,0,0,0,0,0,0,0
164,4,1,1,1,0,0,0,0,0,0,0,0,0,0,0
164,4,1,0,0,0,0,0,0,0,0,1,0,0,0,0
164,4,1,0,0,0,0,0,0,1,0,0,0,0,0,0
164,4,1,0,0,0,0,0,0,0,0,0,0,0,0,-1
164,4,2,0,0,1,0,0,0,0,0,0,0,0,0,0
164,4,2,0,0,0,0,0,0,0,0,0,0,1,0,0
164,4,2,1,0,0,0,0,1,0,0,0,0,0,0,0
164,4,2,0,0,0,0,0,0,-1,0,0,0,0,0,0
164,4,3,1,0,0,0,0,1,0,0,0,0,0,0,0
164,4,3,0,0,0,0,0,0,0,0,0,-1,0,0,0
164,4,3,0,1,0,0,0,0,0,0,0,0,0,0,0
164,4,3,0,0,1,0,0,0,0,0,0,0,0,0,0
164,4,4,1,0,0,0,0,0,0,1,0,0,0,0,0
164,4,4,0,0,0,0,0,0,1,0,0,0,0,0,0
164,4,4,0,0,0,0,0,0,0,0,0,-1,0,0,0
164,4,4,0,0,0,0,0,1,0,0,0,0,0,0,0
164,4,5,1,0,0,1,0,0,0,0,0,0,0,0,0
164,4,5,0,0,1,0,0,0,0,0,0,0,0,0,0
164,4,5,0,0,0,0,0,0,0,0,0,0,0,0,-1
164,4,5,0,0,0,0,0,0,0,0,0,1,0,0,0
164,4,6,0,0,0,0,0,0,1,0,0,0,0,0,0
164,4,6,0,0,0,0,0,0,0,0,0,0,0,-1,0
164,4,6,0,0,0,0,0,0,0,0,0,1,0,0,0
164,4,6,1,0,0,0,1,0,0,0,0,0,0,0,0
165,5,1,0,0,0,0,0,0,0,0,1,0,0,0,0
165,5,1,0,1,0,0,0,0,0,0,0,0,0,0,0
165,5,1,0,0,0,0,0,0,0,0,0,-1,0,0,0
165,5,1,1,0,0,1,0,0,0,0,0,0,0,0,0
165,5,2,0,0,0,0,0,-1,0,0,0,0,0,0,0
165,5,2,0,0,0,0,1,0,0,0,0,0,0,0,0
165,5,2,1,0,0,1,0,0,0,0,0,0,0,0,0
165,5,2,0,0,0,0,0,0,0,1,0,0,0,0,0
165,5,3,0,0,0,0,0,0,1,0,0,0,0,0,0
165,5,3,1,0,0,0,0,0,0,0,1,0,0,0,0
165,5,3,0,0,0,0,0,0,0,0,0,0,-1,0,0
165,5,3,0,0,1,0,0,0,0,0,0,0,0,0,0
165,5,4,0,0,0,0,0,0,0,0,0,-1,0,0,0
165,5,4,0,0,0,0,0,0,0,0,0,0,0,1,0
165,5,4,0,0,0,0,0,0,0,1,0,0,0,0,0
165,5,4,1,0,0,0,0,0,0,0,1,0,0,0,0
165,5,5,0,0,0,0,0,0,0,0,0,0,1,0,0
165,5,5,1,0,0,1,0,0,0,0,0,0,0,0,0
165,5,5,0,1,0,0,0,0,0,0,0,0,0,0,0
165,5,5,0,0,0,0,0,0,0,0,0,-1,0,0,0
165,5,6,0,0,0,0,0,0,0,0,0,0,0,1,0
165,5,6,0,0,1,0,0,0,0,0,0,0,0,0,0
165,5,6,1,0,0,0,0,0,0,0,1,0,0,0,0
165,5,6,0,0,0,0,0,-1,0,0,0,0,0,0,0
166,6,1,0,0,0,0,0,0,0,0,1,0,0,0,0
166,6,1,0,0,0,0,0,0,0,0,0,0,0,-1,0
166,6,1,1,0,0,1,0,0,0,0,0,0,0,0,0
166,6,1,0,0,0,0,0,1,0,0,0,0,0,0,0
166,6,2,1,0,0,0,0,0,0,1,0,0,0,0,0
166,6,2,0,0,0,0,0,0,0,0,0,1,0,0,0
166,6,2,0,0,0,0,0,0,1,0,0,0,0,0,0
166,6,2,0,0,0,0,0,0,0,0,0,0,-1,0,0
166,6,3,0,0,0,0,0,0,-1,0,0,0,0,0,0
166,6,3,0,0,0,0,0,0,0,0,1,0,0,0,0
166,6,3,0,0,0,0,1,0,0,0,0,0,0,0,0
166,6,3,1,0,0,1,0,0,0,0,0,0,0,0,0
166,6,4,0,0,0,0,1,0,0,0,0,0,0,0,0
166,6,4,0,0,0,0,0,0,0,0,0,0,0,0,-1
166,6,4,0,0,0,0,0,0,0,0,1,0,0,0,0
166,6,4,1,0,1,0,0,0,0,0,0,0,0,0,0
166,6,5,0,1,0,0,0,0,0,0,0,0,0,0,0
166,6,5,0,0,0,0,0,1,0,0,0,0,0,0,0
166,6,5,1,0,0,0,0,0,0,1,0,0,0,0,0
166,6,5,0,0,0,0,0,0,0,0,0,0,0,0,-1
166,6,6,0,0,0,0,0,0,0,0,0,0,0,-1,0
166,6,6,1,0,0,0,0,0,0,1,0,0,0,0,0
166,6,6,0,0,0,0,0,0,0,0,0,0,1,0,0
166,6,6,0,0,0,0,0,0,0,0,1,0,0,0,0
169,9,1,0,0,0,0,1,0,0,0,0,0,0,0,0
169,9,1,0,0,0,0,0,-1,0,0,0,0,0,0,0
169,9,1,0,1,0,0,0,0,0,0,0,0,0,0,0
169,9,1,1,0,0,1,0,0,0,0,0,0,0,0,0
169,9,2,0,0,1,0,0,0,0,0,0,0,0,0,0
169,9,2,0,0,0,0,0,0,0,1,0,0,0,0,0
169,9,2,1,0,0,1,0,0,0,0,0,0,0,0,0
169,9,2,0,0,0,0,0,0,0,0,0,0,0,-1,0
169,9,3,0,0,0,0,0,0,0,0,0,0,-1,0,0
169,9,3,0,0,0,0,0,0,1,0,0,0,0,0,0
169,9,3,1,0,1,0,0,0,0,0,0,0,0,0,0
169,9,3,0,0,0,0,0,1,0,0,0,0,0,0,0
169,9,4,0,0,0,0,0,0,0,0,1,0,0,0,0
169,9,4,0,0,0,0,0,0,0,0,0,0,-1,0,0
169,9,4,1,0,0,0,1,0,0,0,0,0,0,0,0
169,9,4,0,0,0,0,0,0,0,0,0,1,0,0,0
169,9,5,0,0,0,0,0,0,1,0,0,0,0,0,0
169,9,5,1,0,0,1,0,0,0,0,0,0,0,0,0
169,9,5,0,0,0,0,0,0,0,0,0,0,-1,0,0
169,9,5,0,1,0,0,0,0,0,0,0,0,0,0,0
169,9,6,0,0,0,0,0,0,0,0,0,0,-1,0,0
169,9,6,0,1,0,0,0,0,0,0,0,0,0,0,0
169,9,6,1,0,0,0,0,0,0,0,1,0,0,0,0
169,9,6,0,0,0,0,0,0,0,1,0,0,0,0,0
170,10,1,0,0,1,0,0,0,0,0,0,0,0,0,0
170,10,1,1,0,0,1,0,0,0,0,0,0,0,0,0
170,10,1,0,0,0,0,0,0,0,0,0,0,0,0,-1
170,10,1,0,0,0,0,0,0,0,0,0,0,1,0,0
170,10,2,0,0,0,0,0,0,0,-1,0,0,0,0,0
170,10,2,0,0,0,0,0,0,0,0,0,0,0,0,1
170,10,2,0,0,0,0,0,0,0,0,0,0,0,1,0
170,10,2,1,0,0,0,1,0,0,0,0,0,0,0,0
170,10,3,0,0,0,0,1,0,0,0,0,0,0,0,0
170,10,3,0,0,0,0,0,0,0,-1,0,0,0,0,0
170,10,3,0,0,0,0,0,0,0,0,1,0,0,0,0
170,10,3,1,0,0,0,0,0,1,0,0,0,0,0,0
170,10,4,0,0,0,0,0,0,0,0,0,0,0,0,-1
170,10,4,0,0,0,0,0,0,0,0,0,0,1,0,0
170,10,4,1,0,0,1,0,0,0,0,0,0,0,0,0
170,10,4,0,0,0,0,0,0,0,0,0,0,0,1,0
170,10,5,0,1,0,0,0,0,0,0,0,0,0,0,0
170,10,5,0,0,0,0,1,0,0,0,0,0,0,0,0
170,10,5,1,0,0,0,0,0,1,0,0,0,0,0,0
170,10,5,0,0,0,0,0,1,0,0,0,0,0,0,0
170,10,6,1,1,0,0,0,0,0,0,0,0,0,0,0
170,10,6,0,0,1,0,0,0,0,0,0,0,0,0,0
170,10,6,0,0,0,0,0,1,0,0,0,0,0,0,0
170,10,6,0,0,0,0,0,0,0,0,0,0,0,-1,0
171,1,1,0,0,0,0,0,0,0,0,0,-1,0,0,0
171,1,1,0,0,0,0,1,0,0,0,0,0,0,0,0
171,1,1,0,0,0,0,0,0,0,0,0,0,0,1,0
171,1,1,1,0,0,0,0,0,1,0,0,0,0,0,0
171,1,2,1,0,0,0,0,0,0,0,0,0,0,0,1
171,1,2,0,0,0,0,0,0,0,0,0,0,1,0,0
171,1,2,0,0,0,0,0,-1,0,0,0,0,0,0,0
171,1,2,0,0,0,0,1,0,0,0,0,0,0,0,0
171,1,3,1,0,1,0,0,0,0,0,0,0,0,0,0
171,1,3,0,0,0,0,0,0,0,0,0,1,0,0,0
171,1,3,0,0,0,0,1,0,0,0,0,0,0,0,0
171,1,3,0,0,0,0,0,0,0,0,0,0,-1,0,0
171,1,4,1,0,0,1,0,0,0,0,0,0,0,0,0
171,1,4,0,0,0,0,0,0,0,1,0,0,0,0,0
171,1,4,0,0,0,0,0,0,0,0,0,-1,0,0,0
171,1,4,0,0,0,0,0,0,1,0,0,0,0,0,0
171,1,5,0,0,0,0,0,0,0,-1,0,0,0,0,0
171,1,5,1,0,0,0,0,0,0,0,0,0,0,0,1
171,1,5,0,0,0,0,0,0,0,0,0,0,1,0,0
171,1,5,0,0,0,1,0,0,0,0,0,0,0,0,0
171,1,6,0,0,0,0,0,0,1,0,0,0,0,0,0
171,1,6,0,0,0,0,0,0,0,0,0,0,0,1,0
171,1,6,0,0,0,0,0,0,0,0,0,0,0,0,-1
171,1,6,1,1,0,0,0,0,0,0,0,0,0,0,0
175,5,1,0,0,0,0,0,0,0,0,1,0,0,0,0
175,5,1,0,1,0,0,0,0,0,0,0,0,0,0,0
175,5,1,0,0,0,0,0,0,0,0,0,-1,0,0,0
175,5,1,1,0,0,1,0,0,0,0,0,0,0,0,0
175,5,2,0,0,0,0,0,1,0,0,0,0,0,0,0
175,5,2,0,0,0,0,1,0,0,0,0,0,0,0,0
175,5,2,1,0,0,1,0,0,0,0,0,0,0,0,0
175,5,2,0,0,0,0,0,0,0,-1,0,0,0,0,0
175,5,3,1,0,0,0,0,0,1,0,0,0,0,0,0
175,5,3,0,0,0,0,0,0,0,0,1,0,0,0,0
175,5,3,0,0,0,0,0,0,0,0,0,0,-1,0,0
175,5,3,0,0,1,0,0,0,0,0,0,0,0,0,0
175,5,4,0,0,0,0,0,0,0,0,0,1,0,0,0
175,5,4,0,0,0,0,0,0,0,0,0,0,0,-1,0
175,5,4,0,0,0,0,0,0,0,1,0,0,0,0,0
175,5,4,1,0,0,0,0,0,0,0,1,0,0,0,0
175,5,5,0,0,0,0,0,0,0,0,0,0,-1,0,0
175,5,5,1,0,0,1,0,0,0,0,0,0,0,0,0
175,5,5,0,1,0,0,0,0,0,0,0,0,0,0,0
175,5,5,0,0,0,0,0,0,0,0,0,1,0,0,0
175,5,6,0,0,0,0,0,0,0,0,0,0,0,-1,0
175,5,6,1,0,1,0,0,0,0,0,0,0,0,0,0
175,5,6,0,0,0,0,0,0,0,0,1,0,0,0,0
175,5,6,0,0,0,0,0,1,0,0,0,0,0,0,0
176,6,1,0,0,0,0,0,0,0,0,1,0,0,0,0
176,6,1,0,0,0,0,0,0,0,0,0,0,0,1,0
176,6,1,1,0,0,1,0,0,0,0,0,0,0,0,0
176,6,1,0,0,0,0,0,-1,0,0,0,0,0,0,0
176,6,2,0,0,0,0,0,0,0,-1,0,0,0,0,0
176,6,2,0,0,0,0,0,0,0,0,0,1,0,0,0
176,6,2,0,0,0,0,0,0,1,0,0,0,0,0,0
176,6,2,1,0,0,0,0,0,0,0,0,0,1,0,0
176,6,3,0,0,0,0,0,0,-1,0,0,0,0,0,0
176,6,3,0,0,0,0,0,0,0,0,1,0,0,0,0
176,6,3,0,0,0,0,1,0,0,0,0,0,0,0,0
176,6,3,1,0,0,1,0,0,0,0,0,0,0,0,0
176,6,4,0,0,0,0,1,0,0,0,0,0,0,0,0
176,6,4,0,0,0,0,0,0,0,0,0,0,0,0,-1
176,6,4,0,0,0,0,0,0,0,0,1,0,0,0,0
176,6,4,1,0,1,0,0,0,0,0,0,0,0,0,0
176,6,5,0,1,0,0,0,0,0,0,0,0,0,0,0
176,6,5,1,0,0,0,0,1,0,0,0,0,0,0,0
176,6,5,0,0,0,0,0,0,0,-1,0,0,0,0,0
176,6,5,0,0,0,0,0,0,0,0,0,0,0,0,1
176,6,6,0,0,0,0,0,0,0,0,0,0,0,1,0
176,6,6,0,0,0,0,0,0,0,1,0,0,0,0,0
176,6,6,0,0,0,0,0,0,0,0,0,0,-1,0,0
176,6,6,1,0,0,0,0,0,0,0,1,0,0,0,0
177,7,1,0,0,0,0,0,0,0,0,0,0,0,0,-1
177,7,1,0,0,0,0,1,0,0,0,0,0,0,0,0
177,7,1,0,0,0,0,0,0,0,0,0,0,0,1,0
177,7,1,1,0,0,0,0,0,0,0,0,0,1,0,0
177,7,2,0,0,0,0,1,0,0,0,0,0,0,0,0
177,7,2,0,1,0,0,0,0,0,0,0,0,0,0,0
177,7,2,1,0,1,0,0,0,0,0,0,0,0,0,0
177,7,2,0,0,0,0,0,0,0,-1,0,0,0,0,0
177,7,3,1,0,0,0,0,0,0,0,1,0,0,0,0
177,7,3,0,0,0,0,0,0,0,0,0,1,0,0,0
177,7,3,0,0,0,0,0,0,0,-1,0,0,0,0,0
177,7,3,0,0,1,0,0,0,0,0,0,0,0,0,0
177,7,4,0,0,0,0,0,0,0,0,0,1,0,0,0
177,7,4,0,0,0,0,0,-1,0,0,0,0,0,0,0
177,7,4,0,0,0,0,1,0,0,0,0,0,0,0,0
177,7,4,1,0,0,1,0,0,0,0,0,0,0,0,0
177,7,5,0,0,0,0,0,0,0,0,0,0,0,-1,0
177,7,5,0,0,0,0,1,0,0,0,0,0,0,0,0
177,7,5,0,0,0,0,0,0,0,0,0,0,1,0,0
177,7,5,1,1,0,0,0,0,0,0,0,0,0,0,0
177,7,6,0,0,0,0,0,-1,0,0,0,0,0,0,0
177,7,6,1,0,0,1,0,0,0,0,0,0,0,0,0
177,7,6,0,1,0,0,0,0,0,0,0,0,0,0,0
177,7,6,0,0,0,0,0,0,0,0,1,0,0,0,0
178,8,1,0,0,0,0,0,0,0,0,0,1,0,0,0
178,8,1,1,0,1,0,0,0,0,0,0,0,0,0,0
178,8,1,0,0,0,0,0,0,0,0,0,0,0,1,0
178,8,1,0,-1,0,0,0,0,0,0,0,0,0,0,0
178,8,2,1,0,0,0,0,1,0,0,0,0,0,0,0
178,8,2,0,0,0,0,0,0,0,0,0,0,1,0,0
178,8,2,0,0,0,0,0,0,0,-1,0,0,0,0,0
178,8,2,0,0,0,0,0,0,0,0,0,1,0,0,0
178,8,3,0,0,0,0,0,0,0,0,0,0,0,-1,0
178,8,3,0,0,0,0,0,1,0,0,0,0,0,0,0
178,8,3,0,0,0,0,0,0,1,0,0,0,0,0,0
178,8,3,1,0,0,0,0,0,0,0,1,0,0,0,0
178,8,4,0,0,0,0,0,0,0,0,0,-1,0,0,0
178,8,4,1,0,0,0,0,0,0,0,1,0,0,0,0
178,8,4,0,0,1,0,0,0,0,0,0,0,0,0,0
178,8,4,0,0,0,0,0,0,0,0,0,0,0,0,1
178,8,5,1,0,0,1,0,0,0,0,0,0,0,0,0
178,8,5,0,0,0,0,0,0,0,-1,0,0,0,0,0
178,8,5,0,0,0,0,1,0,0,0,0,0,0,0,0
178,8,5,0,0,0,0,0,0,0,0,0,0,0,1,0
178,8,6,0,-1,0,0,0,0,0,0,0,0,0,0,0
178,8,6,0,0,0,0,0,0,0,0,0,0,0,0,1
178,8,6,0,0,0,0,0,1,0,0,0,0,0,0,0
178,8,6,1,0,0,0,0,0,0,0,1,0,0,0,0
179,9,1,0,0,0,0,-1,0,0,0,0,0,0,0,0
179,9,1,0,0,0,0,0,1,0,0,0,0,0,0,0
179,9,1,0,1,0,0,0,0,0,0,0,0,0,0,0
179,9,1,1,0,0,1,0,0,0,0,0,0,0,0,0
179,9,2,0,0,1,0,0,0,0,0,0,0,0,0,0
179,9,2,0,0,0,0,0,0,0,1,0,0,0,0,0
179,9,2,1,0,0,1,0,0,0,0,0,0,0,0,0
179,9,2,0,0,0,0,0,0,0,0,0,0,0,-1,0
179,9,3,0,0,0,0,0,0,0,0,0,0,1,0,0
179,9,3,0,0,0,0,0,0,1,0,0,0,0,0,0
179,9,3,1,0,1,0,0,0,0,0,0,0,0,0,0
179,9,3,0,0,0,0,0,-1,0,0,0,0,0,0,0
179,9,4,1,0,0,0,0,0,0,0,1,0,0,0,0
179,9,4,0,0,0,0,0,0,0,0,0,0,1,0,0
179,9,4,0,0,0,0,-1,0,0,0,0,0,0,0,0
179,9,4,0,0,0,0,0,0,0,0,0,1,0,0,0
179,9,5,0,0,0,0,0,0,-1,0,0,0,0,0,0
179,9,5,1,0,0,1,0,0,0,0,0,0,0,0,0
179,9,5,0,0,0,0,0,0,0,0,0,0,1,0,0
179,9,5,0,1,0,0,0,0,0,0,0,0,0,0,0
179,9,6,0,0,0,0,0,0,0,0,0,0,-1,0,0
179,9,6,0,1,0,0,0,0,0,0,0,0,0,0,0
179,9,6,1,0,0,0,0,0,0,0,1,0,0,0,0
179,9,6,0,0,0,0,0,0,0,1,0,0,0,0,0
180,10,1,0,0,-1,0,0,0,0,0,0,0,0,0,0
180,10,1,1,0,0,1,0,0,0,0,0,0,0,0,0
180,10,1,0,0,0,0,0,0,0,0,0,0,0,0,1
180,10,1,0,0,0,0,0,0,0,0,0,0,1,0,0
180,10,2,0,0,0,0,0,0,0,-1,0,0,0,0,0
180,10,2,1,0,0,0,0,0,0,0,0,0,0,0,1
180,10,2,0,0,0,0,0,0,0,0,0,0,0,1,0
180,10,2,0,0,0,0,1,0,0,0,0,0,0,0,0
180,10,3,1,0,0,0,1,0,0,0,0,0,0,0,0
180,10,3,0,0,0,0,0,0,0,-1,0,0,0,0,0
180,10,3,0,0,0,0,0,0,0,0,1,0,0,0,0
180,10,3,0,0,0,0,0,0,1,0,0,0,0,0,0
180,10,4,0,0,0,0,0,0,0,0,0,0,0,0,1
180,10,4,0,0,0,0,0,0,0,0,0,0,1,0,0
180,10,4,1,0,0,1,0,0,0,0,0,0,0,0,0
180,10,4,0,0,0,0,0,0,0,0,0,0,0,-1,0
180,10,5,1,1,0,0,0,0,0,0,0,0,0,0,0
180,10,5,0,0,0,0,1,0,0,0,0,0,0,0,0
180,10,5,0,0,0,0,0,0,1,0,0,0,0,0,0
180,10,5,0,0,0,0,0,1,0,0,0,0,0,0,0
180,10,6,1,1,0,0,0,0,0,0,0,0,0,0,0
180,10,6,0,0,-1,0,0,0,0,0,0,0,0,0,0
180,10,6,0,0,0,0,0,1,0,0,0,0,0,0,0
180,10,6,0,0,0,0,0,0,0,0,0,0,0,1,0
182,2,1,1,0,0,0,0,0,0,0,1,0,0,0,0
182,2,1,0,0,0,0,0,0,0,0,0,0,1,0,0
182,2,1,0,0,0,0,0,0,0,1,0,0,0,0,0
182,2,1,0,-1,0,0,0,0,0,0,0,0,0,0,0
182,2,2,0,0,0,0,0,0,1,0,0,0,0,0,0
182,2,2,0,0,0,0,0,0,0,0,1,0,0,0,0
182,2,2,1,0,0,1,0,0,0,0,0,0,0,0,0
182,2,2,0,0,0,0,0,0,0,0,0,0,0,0,-1
182,2,3,0,1,0,0,0,0,0,0,0,0,0,0,0
182,2,3,1,0,0,0,0,0,0,0,0,0,0,1,0
182,2,3,0,0,0,0,0,0,0,0,0,1,0,0,0
182,2,3,0,0,0,0,0,0,0,0,0,0,0,0,-1
182,2,4,0,0,0,0,0,0,0,-1,0,0,0,0,0
182,2,4,0,1,0,0,0,0,0,0,0,0,0,0,0
182,2,4,1,0,0,0,0,0,0,0,0,0,0,0,1
182,2,4,0,0,0,0,1,0,0,0,0,0,0,0,0
182,2,5,0,0,0,0,0,1,0,0,0,0,0,0,0
182,2,5,0,0,0,0,0,0,0,0,0,0,0,0,1
182,2,5,0,0,0,0,0,0,0,0,0,0,0,-1,0
182,2,5,1,0,0,0,0,0,0,0,0,1,0,0,0
182,2,6,0,0,0,0,0,0,0,0,0,0,0,0,1
182,2,6,1,0,0,0,0,0,1,0,0,0,0,0,0
182,2,6,0,0,1,0,0,0,0,0,0,0,0,0,0
182,2,6,0,0,0,0,0,0,0,-1,0,0,0,0,0
183,3,1,0,0,0,0,0,0,0,0,0,0,0,0,1
183,3,1,1,0,1,0,0,0,0,0,0,0,0,0,0
183,3,1,0,0,0,0,0,1,0,0,0,0,0,0,0
183,3,1,0,0,0,0,0,0,0,-1,0,0,0,0,0
183,3,2,0,0,1,0,0,0,0,0,0,0,0,0,0
183,3,2,0,0,0,0,0,0,-1,0,0,0,0,0,0
183,3,2,0,1,0,0,0,0,0,0,0,0,0,0,0
183,3,2,1,0,0,0,1,0,0,0,0,0,0,0,0
183,3,3,0,0,0,0,0,0,0,0,0,0,-1,0,0
183,3,3,1,0,0,0,0,1,0,0,0,0,0,0,0
183,3,3,0,0,0,0,0,0,1,0,0,0,0,0,0
183,3,3,0,0,0,0,0,0,0,0,0,0,0,1,0
183,3,4,0,0,0,0,0,0,0,0,0,0,0,1,0
183,3,4,0,1,0,0,0,0,0,0,0,0,0,0,0
183,3,4,1,0,1,0,0,0,0,0,0,0,0,0,0
183,3,4,0,0,0,0,0,0,0,0,0,0,-1,0,0
183,3,5,1,0,0,1,0,0,0,0,0,0,0,0,0
183,3,5,0,0,0,0,0,0,0,0,0,1,0,0,0
183,3,5,0,0,0,0,0,0,0,0,0,0,0,0,-1
183,3,5,0,0,0,0,0,0,1,0,0,0,0,0,0
183,3,6,0,0,0,0,1,0,0,0,0,0,0,0,0
183,3,6,1,0,0,1,0,0,0,0,0,0,0,0,0
183,3,6,0,0,0,0,0,0,0,0,-1,0,0,0,0
183,3,6,0,0,1,0,0,0,0,0,0,0,0,0,0
185,5,1,1,0,0,0,0,0,0,0,1,0,0,0,0
185,5,1,0,1,0,0,0,0,0,0,0,0,0,0,0
185,5,1,0,0,0,0,0,0,0,0,0,-1,0,0,0
185,5,1,0,0,0,1,0,0,0,0,0,0,0,0,0
185,5,2,0,0,0,0,0,1,0,0,0,0,0,0,0
185,5,2,0,0,0,0,1,0,0,0,0,0,0,0,0
185,5,2,1,0,0,1,0,0,0,0,0,0,0,0,0
185,5,2,0,0,0,0,0,0,0,-1,0,0,0,0,0
185,5,3,0,0,0,0,0,0,1,0,0,0,0,0,0
185,5,3,0,0,0,0,0,0,0,0,1,0,0,0,0
185,5,3,0,0,0,0,0,0,0,0,0,0,-1,0,0
185,5,3,1,0,1,0,0,0,0,0,0,0,0,0,0
185,5,4,0,0,0,0,0,0,0,0,0,1,0,0,0
185,5,4,0,0,0,0,0,0,0,0,0,0,0,1,0
185,5,4,0,0,0,0,0,0,0,-1,0,0,0,0,0
185,5,4,1,0,0,0,0,0,0,0,1,0,0,0,0
185,5,5,0,0,0,0,0,0,0,0,0,0,1,0,0
185,5,5,1,0,0,1,0,0,0,0,0,0,0,0,0
185,5,5,0,1,0,0,0,0,0,0,0,0,0,0,0
185,5,5,0,0,0,0,0,0,0,0,0,-1,0,0,0
185,5,6,0,0,0,0,0,0,0,0,0,0,0,1,0
185,5,6,1,0,1,0,0,0,0,0,0,0,0,0,0
185,5,6,0,0,0,0,0,0,0,0,1,0,0,0,0
185,5,6,0,0,0,0,0,-1,0,0,0,0,0,0,0
187,7,1,1,0,0,0,0,0,0,0,0,0,0,0,1
187,7,1,0,0,0,0,1,0,0,0,0,0,0,0,0
187,7,1,0,0,0,0,0,0,0,0,0,0,0,1,0
187,7,1,0,0,0,0,0,0,0,0,0,0,-1,0,0
187,7,2,0,0,0,0,1,0,0,0,0,0,0,0,0
187,7,2,1,1,0,0,0,0,0,0,0,0,0,0,0
187,7,2,0,0,1,0,0,0,0,0,0,0,0,0,0
187,7,2,0,0,0,0,0,0,0,-1,0,0,0,0,0
187,7,3,1,0,0,0,0,0,0,0,1,0,0,0,0
187,7,3,0,0,0,0,0,0,0,0,0,1,0,0,0
187,7,3,0,0,0,0,0,0,0,-1,0,0,0,0,0
187,7,3,0,0,1,0,0,0,0,0,0,0,0,0,0
187,7,4,0,0,0,0,0,0,0,0,0,1,0,0,0
187,7,4,0,0,0,0,0,-1,0,0,0,0,0,0,0
187,7,4,0,0,0,0,1,0,0,0,0,0,0,0,0
187,7,4,1,0,0,1,0,0,0,0,0,0,0,0,0
187,7,5,0,0,0,0,0,0,0,0,0,0,0,-1,0
187,7,5,0,0,0,0,1,0,0,0,0,0,0,0,0
187,7,5,0,0,0,0,0,0,0,0,0,0,1,0,0
187,7,5,1,1,0,0,0,0,0,0,0,0,0,0,0
187,7,6,0,0,0,0,0,-1,0,0,0,0,0,0,0
187,7,6,1,0,0,1,0,0,0,0,0,0,0,0,0
187,7,6,0,1,0,0,0,0,0,0,0,0,0,0,0
187,7,6,0,0,0,0,0,0,0,0,1,0,0,0,0
188,8,1,0,0,0,0,0,0,0,0,0,1,0,0,0
188,8,1,1,0,1,0,0,0,0,0,0,0,0,0,0
188,8,1,0,0,0,0,0,0,0,0,0,0,0,-1,0
188,8,1,0,1,0,0,0,0,0,0,0,0,0,0,0
188,8,2,0,0,0,0,0,1,0,0,0,0,0,0,0
188,8,2,0,0,0,0,0,0,0,0,0,0,1,0,0
188,8,2,0,0,0,0,0,0,0,-1,0,0,0,0,0
188,8,2,1,0,0,0,0,0,0,0,0,1,0,0,0
188,8,3,0,0,0,0,0,0,0,0,0,0,0,-1,0
188,8,3,0,0,0,0,0,1,0,0,0,0,0,0,0
188,8,3,0,0,0,0,0,0,1,0,0,0,0,0,0
188,8,3,1,0,0,0,0,0,0,0,1,0,0,0,0
188,8,4,0,0,0,0,0,0,0,0,0,-1,0,0,0
188,8,4,1,0,0,0,0,0,0,0,1,0,0,0,0
188,8,4,0,0,1,0,0,0,0,0,0,0,0,0,0
188,8,4,0,0,0,0,0,0,0,0,0,0,0,0,1
188,8,5,1,0,0,1,0,0,0,0,0,0,0,0,0
188,8,5,0,0,0,0,0,0,0,1,0,0,0,0,0
188,8,5,0,0,0,0,1,0,0,0,0,0,0,0,0
188,8,5,0,0,0,0,0,0,0,0,0,0,0,-1,0
188,8,6,0,1,0,0,0,0,0,0,0,0,0,0,0
188,8,6,0,0,0,0,0,0,0,0,0,0,0,0,-1
188,8,6,0,0,0,0,0,1,0,0,0,0,0,0,0
188,8,6,1,0,0,0,0,0,0,0,1,0,0,0,0
189,9,1,0,0,0,0,1,0,0,0,0,0,0,0,0
189,9,1,0,0,0,0,0,-1,0,0,0,0,0,0,0
189,9,1,0,1,0,0,0,0,0,0,0,0,0,0,0
189,9,1,1,0,0,1,0,0,0,0,0,0,0,0,0
189,9,2,0,0,1,0,0,0,0,0,0,0,0,0,0
189,9,2,1,0,0,0,0,0,0,1,0,0,0,0,0
189,9,2,0,0,0,1,0,0,0,0,0,0,0,0,0
189,9,2,0,0,0,0,0,0,0,0,0,0,0,-1,0
189,9,3,1,0,0,0,0,0,0,0,0,0,1,0,0
189,9,3,0,0,0,0,0,0,1,0,0,0,0,0,0
189,9,3,0,0,1,0,0,0,0,0,0,0,0,0,0
189,9,3,0,0,0,0,0,-1,0,0,0,0,0,0,0
189,9,4,1,0,0,0,0,0,0,0,1,0,0,0,0
189,9,4,0,0,0,0,0,0,0,0,0,0,-1,0,0
189,9,4,0,0,0,0,1,0,0,0,0,0,0,0,0
189,9,4,0,0,0,0,0,0,0,0,0,1,0,0,0
189,9,5,0,0,0,0,0,0,1,0,0,0,0,0,0
189,9,5,1,0,0,1,0,0,0,0,0,0,0,0,0
189,9,5,0,0,0,0,0,0,0,0,0,0,-1,0,0
189,9,5,0,1,0,0,0,0,0,0,0,0,0,0,0
189,9,6,0,0,0,0,0,0,0,0,0,0,-1,0,0
189,9,6,0,1,0,0,0,0,0,0,0,0,0,0,0
189,9,6,0,0,0,0,0,0,0,0,1,0,0,0,0
189,9,6,1,0,0,0,0,0,0,1,0,0,0,0,0
191,1,1,0,0,0,0,0,0,0,0,0,-1,0,0,0
191,1,1,0,0,0,0,1,0,0,0,0,0,0,0,0
191,1,1,0,0,0,0,0,0,0,0,0,0,0,1,0
191,1,1,1,0,0,0,0,0,1,0,0,0,0,0,0
191,1,2,1,0,0,0,0,0,0,0,0,0,0,0,1
191,1,2,0,0,0,0,0,0,0,0,0,0,1,0,0
191,1,2,0,0,0,0,0,-1,0,0,0,0,0,0,0
191,1,2,0,0,0,0,1,0,0,0,0,0,0,0,0
191,1,3,1,0,1,0,0,0,0,0,0,0,0,0,0
191,1,3,0,0,0,0,0,0,0,0,0,1,0,0,0
191,1,3,0,0,0,0,1,0,0,0,0,0,0,0,0
191,1,3,0,0,0,0,0,0,0,0,0,0,-1,0,0
191,1,4,1,0,0,1,0,0,0,0,0,0,0,0,0
191,1,4,0,0,0,0,0,0,0,1,0,0,0,0,0
191,1,4,0,0,0,0,0,0,0,0,0,-1,0,0,0
191,1,4,0,0,0,0,0,0,1,0,0,0,0,0,0
191,1,5,0,0,0,0,0,0,0,1,0,0,0,0,0
191,1,5,1,0,0,0,0,0,0,0,0,0,0,0,1
191,1,5,0,0,0,0,0,0,0,0,0,0,-1,0,0
191,1,5,0,0,0,1,0,0,0,0,0,0,0,0,0
191,1,6,1,0,0,0,0,0,1,0,0,0,0,0,0
191,1,6,0,0,0,0,0,0,0,0,0,0,0,-1,0
191,1,6,0,0,0,0,0,0,0,0,0,0,0,0,1
191,1,6,0,1,0,0,0,0,0,0,0,0,0,0,0
192,2,1,0,0,0,0,0,0,0,0,1,0,0,0,0
192,2,1,0,0,0,0,0,0,0,0,0,0,1,0,0
192,2,1,0,0,0,0,0,0,0,-1,0,0,0,0,0
192,2,1,1,1,0,0,0,0,0,0,0,0,0,0,0
192,2,2,0,0,0,0,0,0,-1,0,0,0,0,0,0
192,2,2,1,0,0,0,0,0,0,0,1,0,0,0,0
192,2,2,0,0,0,1,0,0,0,0,0,0,0,0,0
192,2,2,0,0,0,0,0,0,0,0,0,0,0,0,1
192,2,3,1,1,0,0,0,0,0,0,0,0,0,0,0
192,2,3,0,0,0,0,0,0,0,0,0,0,0,-1,0
192,2,3,0,0,0,0,0,0,0,0,0,1,0,0,0
192,2,3,0,0,0,0,0,0,0,0,0,0,0,0,1
192,2,4,0,0,0,0,0,0,0,-1,0,0,0,0,0
192,2,4,1,1,0,0,0,0,0,0,0,0,0,0,0
192,2,4,0,0,0,0,0,0,0,0,0,0,0,0,1
192,2,4,0,0,0,0,1,0,0,0,0,0,0,0,0
192,2,5,1,0,0,0,0,1,0,0,0,0,0,0,0
192,2,5,0,0,0,0,0,0,0,0,0,0,0,0,1
192,2,5,0,0,0,0,0,0,0,0,0,0,0,-1,0
192,2,5,0,0,0,0,0,0,0,0,0,1,0,0,0
192,2,6,0,0,0,0,0,0,0,0,0,0,0,0,1
192,2,6,0,0,0,0,0,0,-1,0,0,0,0,0,0
192,2,6,1,0,1,0,0,0,0,0,0,0,0,0,0
192,2,6,0,0,0,0,0,0,0,1,0,0,0,0,0
193,3,1,1,0,0,0,0,0,0,0,0,0,0,0,1
193,3,1,0,0,1,0,0,0,0,0,0,0,0,0,0
193,3,1,0,0,0,0,0,1,0,0,0,0,0,0,0
193,3,1,0,0,0,0,0,0,0,-1,0,0,0,0,0
193,3,2,0,0,-1,0,0,0,0,0,0,0,0,0,0
193,3,2,0,0,0,0,0,0,1,0,0,0,0,0,0
193,3,2,1,1,0,0,0,0,0,0,0,0,0,0,0
193,3,2,0,0,0,0,1,0,0,0,0,0,0,0,0
193,3,3,0,0,0,0,0,0,0,0,0,0,1,0,0
193,3,3,0,0,0,0,0,-1,0,0,0,0,0,0,0
193,3,3,0,0,0,0,0,0,1,0,0,0,0,0,0
193,3,3,1,0,0,0,0,0,0,0,0,0,0,1,0
193,3,4,0,0,0,0,0,0,0,0,0,0,0,1,0
193,3,4,1,1,0,0,0,0,0,0,0,0,0,0,0
193,3,4,0,0,1,0,0,0,0,0,0,0,0,0,0
193,3,4,0,0,0,0,0,0,0,0,0,0,-1,0,0
193,3,5,1,0,0,1,0,0,0,0,0,0,0,0,0
193,3,5,0,0,0,0,0,0,0,0,0,-1,0,0,0
193,3,5,0,0,0,0,0,0,0,0,0,0,0,0,1
193,3,5,0,0,0,0,0,0,1,0,0,0,0,0,0
193,3,6,0,0,0,0,1,0,0,0,0,0,0,0,0
193,3,6,1,0,0,1,0,0,0,0,0,0,0,0,0
193,3,6,0,0,0,0,0,0,0,0,1,0,0,0,0
193,3,6,0,0,-1,0,0,0,0,0,0,0,0,0,0
194,4,1,1,1,0,0,0,0,0,0,0,0,0,0,0
194,4,1,0,0,0,0,0,0,0,0,1,0,0,0,0
194,4,1,0,0,0,0,0,0,-1,0,0,0,0,0,0
194,4,1,0,0,0,0,0,0,0,0,0,0,0,0,1
194,4,2,0,0,1,0,0,0,0,0,0,0,0,0,0
194,4,2,0,0,0,0,0,0,0,0,0,0,1,0,0
194,4,2,1,0,0,0,0,1,0,0,0,0,0,0,0
194,4,2,0,0,0,0,0,0,-1,0,0,0,0,0,0
194,4,3,0,0,0,0,0,1,0,0,0,0,0,0,0
194,4,3,0,0,0,0,0,0,0,0,0,-1,0,0,0
194,4,3,0,1,0,0,0,0,0,0,0,0,0,0,0
194,4,3,1,0,1,0,0,0,0,0,0,0,0,0,0
194,4,4,0,0,0,0,0,0,0,1,0,0,0,0,0
194,4,4,0,0,0,0,0,0,-1,0,0,0,0,0,0
194,4,4,0,0,0,0,0,0,0,0,0,1,0,0,0
194,4,4,1,0,0,0,0,1,0,0,0,0,0,0,0
194,4,5,1,0,0,1,0,0,0,0,0,0,0,0,0
194,4,5,0,0,1,0,0,0,0,0,0,0,0,0,0
194,4,5,0,0,0,0,0,0,0,0,0,0,0,0,-1
194,4,5,0,0,0,0,0,0,0,0,0,1,0,0,0
194,4,6,0,0,0,0,0,0,-1,0,0,0,0,0,0
194,4,6,0,0,0,0,0,0,0,0,0,0,0,1,0
194,4,6,0,0,0,0,0,0,0,0,0,1,0,0,0
194,4,6,1,0,0,0,1,0,0,0,0,0,0,0,0
195,5,1,0,0,0,0,0,0,0,0,1,0,0,0,0
195,5,1,0,1,0,0,0,0,0,0,0,0,0,0,0
195,5,1,0,0,0,0,0,0,0,0,0,-1,0,0,0
195,5,1,1,0,0,1,0,0,0,0,0,0,0,0,0
195,5,2,0,0,0,0,0,1,0,0,0,0,0,0,0
195,5,2,0,0,0,0,1,0,0,0,0,0,0,0,0
195,5,2,1,0,0,1,0,0,0,0,0,0,0,0,0
195,5,2,0,0,0,0,0,0,0,-1,0,0,0,0,0
195,5,3,0,0,0,0,0,0,1,0,0,0,0,0,0
195,5,3,0,0,0,0,0,0,0,0,1,0,0,0,0
195,5,3,0,0,0,0,0,0,0,0,0,0,-1,0,0
195,5,3,1,0,1,0,0,0,0,0,0,0,0,0,0
195,5,4,0,0,0,0,0,0,0,0,0,1,0,0,0
195,5,4,0,0,0,0,0,0,0,0,0,0,0,1,0
195,5,4,0,0,0,0,0,0,0,-1,0,0,0,0,0
195,5,4,1,0,0,0,0,0,0,0,1,0,0,0,0
195,5,5,0,0,0,0,0,0,0,0,0,0,-1,0,0
195,5,5,1,0,0,1,0,0,0,0,0,0,0,0,0
195,5,5,0,1,0,0,0,0,0,0,0,0,0,0,0
195,5,5,0,0,0,0,0,0,0,0,0,1,0,0,0
195,5,6,0,0,0,0,0,0,0,0,0,0,0,-1,0
195,5,6,1,0,1,0,0,0,0,0,0,0,0,0,0
195,5,6,0,0,0,0,0,0,0,0,1,0,0,0,0
195,5,6,0,0,0,0,0,1,0,0,0,0,0,0,0
197,7,1,0,0,0,0,0,0,0,0,0,0,0,0,1
197,7,1,1,0,0,0,1,0,0,0,0,0,0,0,0
197,7,1,0,0,0,0,0,0,0,0,0,0,0,-1,0
197,7,1,0,0,0,0,0,0,0,0,0,0,1,0,0
197,7,2,0,0,0,0,1,0,0,0,0,0,0,0,0
197,7,2,1,1,0,0,0,0,0,0,0,0,0,0,0
197,7,2,0,0,1,0,0,0,0,0,0,0,0,0,0
197,7,2,0,0,0,0,0,0,0,-1,0,0,0,0,0
197,7,3,1,0,0,0,0,0,0,0,1,0,0,0,0
197,7,3,0,0,0,0,0,0,0,0,0,1,0,0,0
197,7,3,0,0,0,0,0,0,0,-1,0,0,0,0,0
197,7,3,0,0,1,0,0,0,0,0,0,0,0,0,0
197,7,4,1,0,0,0,0,0,0,0,0,1,0,0,0
197,7,4,0,0,0,0,0,-1,0,0,0,0,0,0,0
197,7,4,0,0,0,0,1,0,0,0,0,0,0,0,0
197,7,4,0,0,0,1,0,0,0,0,0,0,0,0,0
197,7,5,0,0,0,0,0,0,0,0,0,0,0,1,0
197,7,5,0,0,0,0,1,0,0,0,0,0,0,0,0
197,7,5,0,0,0,0,0,0,0,0,0,0,-1,0,0
197,7,5,1,1,0,0,0,0,0,0,0,0,0,0,0
197,7,6,0,0,0,0,0,-1,0,0,0,0,0,0,0
197,7,6,0,0,0,1,0,0,0,0,0,0,0,0,0
197,7,6,1,1,0,0,0,0,0,0,0,0,0,0,0
197,7,6,0,0,0,0,0,0,0,0,1,0,0,0,0
198,8,1,0,0,0,0,0,0,0,0,0,-1,0,0,0
198,8,1,0,0,1,0,0,0,0,0,0,0,0,0,0
198,8,1,0,0,0,0,0,0,0,0,0,0,0,1,0
198,8,1,1,1,0,0,0,0,0,0,0,0,0,0,0
198,8,2,0,0,0,0,0,1,0,0,0,0,0,0,0
198,8,2,1,0,0,0,0,0,0,0,0,0,1,0,0
198,8,2,0,0,0,0,0,0,0,-1,0,0,0,0,0
198,8,2,0,0,0,0,0,0,0,0,0,1,0,0,0
198,8,3,0,0,0,0,0,0,0,0,0,0,0,1,0
198,8,3,0,0,0,0,0,1,0,0,0,0,0,0,0
198,8,3,0,0,0,0,0,0,-1,0,0,0,0,0,0
198,8,3,1,0,0,0,0,0,0,0,1,0,0,0,0
198,8,4,0,0,0,0,0,0,0,0,0,-1,0,0,0
198,8,4,1,0,0,0,0,0,0,0,1,0,0,0,0
198,8,4,0,0,1,0,0,0,0,0,0,0,0,0,0
198,8,4,0,0,0,0,0,0,0,0,0,0,0,0,1
198,8,5,1,0,0,1,0,0,0,0,0,0,0,0,0
198,8,5,0,0,0,0,0,0,0,-1,0,0,0,0,0
198,8,5,0,0,0,0,1,0,0,0,0,0,0,0,0
198,8,5,0,0,0,0,0,0,0,0,0,0,0,1,0
198,8,6,0,1,0,0,0,0,0,0,0,0,0,0,0
198,8,6,0,0,0,0,0,0,0,0,0,0,0,0,1
198,8,6,0,0,0,0,0,-1,0,0,0,0,0,0,0
198,8,6,1,0,0,0,0,0,0,0,1,0,0,0,0
200,10,1,0,0,1,0,0,0,0,0,0,0,0,0,0
200,10,1,1,0,0,1,0,0,0,0,0,0,0,0,0
200,10,1,0,0,0,0,0,0,0,0,0,0,0,0,1
200,10,1,0,0,0,0,0,0,0,0,0,0,-1,0,0
200,10,2,0,0,0,0,0,0,0,-1,0,0,0,0,0
200,10,2,1,0,0,0,0,0,0,0,0,0,0,0,1
200,10,2,0,0,0,0,0,0,0,0,0,0,0,1,0
200,10,2,0,0,0,0,1,0,0,0,0,0,0,0,0
200,10,3,0,0,0,0,-1,0,0,0,0,0,0,0,0
200,10,3,0,0,0,0,0,0,0,1,0,0,0,0,0
200,10,3,1,0,0,0,0,0,0,0,1,0,0,0,0
200,10,3,0,0,0,0,0,0,1,0,0,0,0,0,0
200,10,4,0,0,0,0,0,0,0,0,0,0,0,0,1
200,10,4,0,0,0,0,0,0,0,0,0,0,-1,0,0
200,10,4,1,0,0,1,0,0,0,0,0,0,0,0,0
200,10,4,0,0,0,0,0,0,0,0,0,0,0,1,0
200,10,5,1,1,0,0,0,0,0,0,0,0,0,0,0
200,10,5,0,0,0,0,1,0,0,0,0,0,0,0,0
200,10,5,0,0,0,0,0,0,-1,0,0,0,0,0,0
200,10,5,0,0,0,0,0,1,0,0,0,0,0,0,0
200,10,6,1,1,0,0,0,0,0,0,0,0,0,0,0
200,10,6,0,0,1,0,0,0,0,0,0,0,0,0,0
200,10,6,0,0,0,0,0,-1,0,0,0,0,0,0,0
200,10,6,0,0,0,0,0,0,0,0,0,0,0,1,0
201,1,1,0,0,0,0,0,0,0,0,0,1,0,0,0
201,1,1,0,0,0,0,-1,0,0,0,0,0,0,0,0
201,1,1,1,0,0,0,0,0,0,0,0,0,0,1,0
201,1,1,0,0,0,0,0,0,1,0,0,0,0,0,0
201,1,2,1,0,0,0,0,0,0,0,0,0,0,0,1
201,1,2,0,0,0,0,0,0,0,0,0,0,1,0,0
201,1,2,0,0,0,0,0,-1,0,0,0,0,0,0,0
201,1,2,0,0,0,0,1,0,0,0,0,0,0,0,0
201,1,3,1,0,1,0,0,0,0,0,0,0,0,0,0
201,1,3,0,0,0,0,0,0,0,0,0,1,0,0,0
201,1,3,0,0,0,0,-1,0,0,0,0,0,0,0,0
201,1,3,0,0,0,0,0,0,0,0,0,0,1,0,0
201,1,4,1,0,0,1,0,0,0,0,0,0,0,0,0
201,1,4,0,0,0,0,0,0,0,1,0,0,0,0,0
201,1,4,0,0,0,0,0,0,0,0,0,1,0,0,0
201,1,4,0,0,0,0,0,0,-1,0,0,0,0,0,0
201,1,5,1,0,0,0,0,0,0,1,0,0,0,0,0
201,1,5,0,0,0,0,0,0,0,0,0,0,0,0,1
201,1,5,0,0,0,0,0,0,0,0,0,0,1,0,0
201,1,5,0,0,0,-1,0,0,0,0,0,0,0,0,0
201,1,6,1,0,0,0,0,0,1,0,0,0,0,0,0
201,1,6,0,0,0,0,0,0,0,0,0,0,0,1,0
201,1,6,0,0,0,0,0,0,0,0,0,0,0,0,1
201,1,6,0,-1,0,0,0,0,0,0,0,0,0,0,0
202,2,1,1,0,0,0,0,0,0,0,1,0,0,0,0
202,2,1,0,0,0,0,0,0,0,0,0,0,1,0,0
202,2,1,0,0,0,0,0,0,0,1,0,0,0,0,0
202,2,1,0,-1,0,0,0,0,0,0,0,0,0,0,0
202,2,2,0,0,0,0,0,0,1,0,0,0,0,0,0
202,2,2,0,0,0,0,0,0,0,0,1,0,0,0,0
202,2,2,1,0,0,1,0,0,0,0,0,0,0,0,0
202,2,2,0,0,0,0,0,0,0,0,0,0,0,0,-1
202,2,3,0,1,0,0,0,0,0,0,0,0,0,0,0
202,2,3,0,0,0,0,0,0,0,0,0,0,0,1,0
202,2,3,1,0,0,0,0,0,0,0,0,1,0,0,0
202,2,3,0,0,0,0,0,0,0,0,0,0,0,0,-1
202,2,4,0,0,0,0,0,0,0,1,0,0,0,0,0
202,2,4,0,1,0,0,0,0,0,0,0,0,0,0,0
202,2,4,0,0,0,0,0,0,0,0,0,0,0,0,-1
202,2,4,1,0,0,0,1,0,0,0,0,0,0,0,0
202,2,5,1,0,0,0,0,1,0,0,0,0,0,0,0
202,2,5,0,0,0,0,0,0,0,0,0,0,0,0,1
202,2,5,0,0,0,0,0,0,0,0,0,0,0,-1,0
202,2,5,0,0,0,0,0,0,0,0,0,1,0,0,0
202,2,6,0,0,0,0,0,0,0,0,0,0,0,0,-1
202,2,6,0,0,0,0,0,0,1,0,0,0,0,0,0
202,2,6,1,0,1,0,0,0,0,0,0,0,0,0,0
202,2,6,0,0,0,0,0,0,0,1,0,0,0,0,0
203,3,1,1,0,0,0,0,0,0,0,0,0,0,0,1
203,3,1,0,0,-1,0,0,0,0,0,0,0,0,0,0
203,3,1,0,0,0,0,0,1,0,0,0,0,0,0,0
203,3,1,0,0,0,0,0,0,0,1,0,0,0,0,0
203,3,2,0,0,1,0,0,0,0,0,0,0,0,0,0
203,3,2,0,0,0,0,0,0,1,0,0,0,0,0,0
203,3,2,0,-1,0,0,0,0,0,0,0,0,0,0,0
203,3,2,1,0,0,0,1,0,0,0,0,0,0,0,0
203,3,3,0,0,0,0,0,0,0,0,0,0,1,0,0
203,3,3,0,0,0,0,0,1,0,0,0,0,0,0,0
203,3,3,0,0,0,0,0,0,-1,0,0,0,0,0,0
203,3,3,1,0,0,0,0,0,0,0,0,0,0,1,0
203,3,4,0,0,0,0,0,0,0,0,0,0,0,1,0
203,3,4,1,1,0,0,0,0,0,0,0,0,0,0,0
203,3,4,0,0,1,0,0,0,0,0,0,0,0,0,0
203,3,4,0,0,0,0,0,0,0,0,0,0,-1,0,0
203,3,5,0,0,0,1,0,0,0,0,0,0,0,0,0
203,3,5,0,0,0,0,0,0,0,0,0,-1,0,0,0
203,3,5,1,0,0,0,0,0,0,0,0,0,0,0,1
203,3,5,0,0,0,0,0,0,1,0,0,0,0,0,0
203,3,6,1,0,0,0,1,0,0,0,0,0,0,0,0
203,3,6,0,0,0,1,0,0,0,0,0,0,0,0,0
203,3,6,0,0,0,0,0,0,0,0,1,0,0,0,0
203,3,6,0,0,-1,0,0,0,0,0,0,0,0,0,0
220,10,1,0,0,1,0,0,0,0,0,0,0,0,0,0
220,10,1,0,0,0,-1,0,0,0,0,0,0,0,0,0
220,10,1,1,0,0,0,0,0,0,0,0,0,0,0,1
220,10,1,0,0,0,0,0,0,0,0,0,0,1,0,0
220,10,2,0,0,0,0,0,0,0,1,0,0,0,0,0
220,10,2,0,0,0,0,0,0,0,0,0,0,0,0,-1
220,10,2,0,0,0,0,0,0,0,0,0,0,0,1,0
220,10,2,1,0,0,0,1,0,0,0,0,0,0,0,0
220,10,3,1,0,0,0,1,0,0,0,0,0,0,0,0
220,10,3,0,0,0,0,0,0,0,1,0,0,0,0,0
220,10,3,0,0,0,0,0,0,0,0,-1,0,0,0,0
220,10,3,0,0,0,0,0,0,1,0,0,0,0,0,0
220,10,4,0,0,0,0,0,0,0,0,0,0,0,0,1
220,10,4,0,0,0,0,0,0,0,0,0,0,-1,0,0
220,10,4,1,0,0,1,0,0,0,0,0,0,0,0,0
220,10,4,0,0,0,0,0,0,0,0,0,0,0,1,0
220,10,5,0,1,0,0,0,0,0,0,0,0,0,0,0
220,10,5,1,0,0,0,1,0,0,0,0,0,0,0,0
220,10,5,0,0,0,0,0,0,-1,0,0,0,0,0,0
220,10,5,0,0,0,0,0,1,0,0,0,0,0,0,0
220,10,6,1,1,0,0,0,0,0,0,0,0,0,0,0
220,10,6,0,0,1,0,0,0,0,0,0,0,0,0,0
220,10,6,0,0,0,0,0,1,0,0,0,0,0,0,0
220,10,6,0,0,0,0,0,0,0,0,0,0,0,-1,0
221,1,1,1,0,0,0,0,0,0,0,0,1,0,0,0
221,1,1,0,0,0,0,1,0,0,0,0,0,0,0,0
221,1,1,0,0,0,0,0,0,0,0,0,0,0,-1,0
221,1,1,0,0,0,0,0,0,1,0,0,0,0,0,0
221,1,2,0,0,0,0,0,0,0,0,0,0,0,0,-1
221,1,2,1,0,0,0,0,0,0,0,0,0,1,0,0
221,1,2,0,0,0,0,0,1,0,0,0,0,0,0,0
221,1,2,0,0,0,0,1,0,0,0,0,0,0,0,0
221,1,3,0,0,1,0,0,0,0,0,0,0,0,0,0
221,1,3,1,0,0,0,0,0,0,0,0,1,0,0,0
221,1,3,0,0,0,0,-1,0,0,0,0,0,0,0,0
221,1,3,0,0,0,0,0,0,0,0,0,0,1,0,0
221,1,4,1,0,0,1,0,0,0,0,0,0,0,0,0
221,1,4,0,0,0,0,0,0,0,1,0,0,0,0,0
221,1,4,0,0,0,0,0,0,0,0,0,1,0,0,0
221,1,4,0,0,0,0,0,0,-1,0,0,0,0,0,0
221,1,5,0,0,0,0,0,0,0,1,0,0,0,0,0
221,1,5,0,0,0,0,0,0,0,0,0,0,0,0,-1
221,1,5,0,0,0,0,0,0,0,0,0,0,1,0,0
221,1,5,1,0,0,1,0,0,0,0,0,0,0,0,0
221,1,6,0,0,0,0,0,0,1,0,0,0,0,0,0
221,1,6,0,0,0,0,0,0,0,0,0,0,0,1,0
221,1,6,0,0,0,0,0,0,0,0,0,0,0,0,-1
221,1,6,1,1,0,0,0,0,0,0,0,0,0,0,0
224,4,1,1,1,0,0,0,0,0,0,0,0,0,0,0
224,4,1,0,0,0,0,0,0,0,0,1,0,0,0,0
224,4,1,0,0,0,0,0,0,1,0,0,0,0,0,0
224,4,1,0,0,0,0,0,0,0,0,0,0,0,0,-1
224,4,2,1,0,1,0,0,0,0,0,0,0,0,0,0
224,4,2,0,0,0,0,0,0,0,0,0,0,-1,0,0
224,4,2,0,0,0,0,0,1,0,0,0,0,0,0,0
224,4,2,0,0,0,0,0,0,1,0,0,0,0,0,0
224,4,3,0,0,0,0,0,1,0,0,0,0,0,0,0
224,4,3,0,0,0,0,0,0,0,0,0,-1,0,0,0
224,4,3,1,1,0,0,0,0,0,0,0,0,0,0,0
224,4,3,0,0,1,0,0,0,0,0,0,0,0,0,0
224,4,4,1,0,0,0,0,0,0,1,0,0,0,0,0
224,4,4,0,0,0,0,0,0,1,0,0,0,0,0,0
224,4,4,0,0,0,0,0,0,0,0,0,-1,0,0,0
224,4,4,0,0,0,0,0,1,0,0,0,0,0,0,0
224,4,5,0,0,0,1,0,0,0,0,0,0,0,0,0
224,4,5,1,0,1,0,0,0,0,0,0,0,0,0,0
224,4,5,0,0,0,0,0,0,0,0,0,0,0,0,-1
224,4,5,0,0,0,0,0,0,0,0,0,1,0,0,0
224,4,6,0,0,0,0,0,0,1,0,0,0,0,0,0
224,4,6,0,0,0,0,0,0,0,0,0,0,0,-1,0
224,4,6,0,0,0,0,0,0,0,0,0,1,0,0,0
224,4,6,1,0,0,0,1,0,0,0,0,0,0,0,0
225,5,1,1,0,0,0,0,0,0,0,1,0,0,0,0
225,5,1,0,1,0,0,0,0,0,0,0,0,0,0,0
225,5,1,0,0,0,0,0,0,0,0,0,-1,0,0,0
225,5,1,0,0,0,1,0,0,0,0,0,0,0,0,0
225,5,2,0,0,0,0,0,1,0,0,0,0,0,0,0
225,5,2,0,0,0,0,1,0,0,0,0,0,0,0,0
225,5,2,1,0,0,1,0,0,0,0,0,0,0,0,0
225,5,2,0,0,0,0,0,0,0,-1,0,0,0,0,0
225,5,3,0,0,0,0,0,0,1,0,0,0,0,0,0
225,5,3,1,0,0,0,0,0,0,0,1,0,0,0,0
225,5,3,0,0,0,0,0,0,0,0,0,0,-1,0,0
225,5,3,0,0,1,0,0,0,0,0,0,0,0,0,0
225,5,4,0,0,0,0,0,0,0,0,0,1,0,0,0
225,5,4,0,0,0,0,0,0,0,0,0,0,0,-1,0
225,5,4,0,0,0,0,0,0,0,1,0,0,0,0,0
225,5,4,1,0,0,0,0,0,0,0,1,0,0,0,0
225,5,5,0,0,0,0,0,0,0,0,0,0,-1,0,0
225,5,5,1,0,0,1,0,0,0,0,0,0,0,0,0
225,5,5,0,1,0,0,0,0,0,0,0,0,0,0,0
225,5,5,0,0,0,0,0,0,0,0,0,1,0,0,0
225,5,6,0,0,0,0,0,0,0,0,0,0,0,-1,0
225,5,6,0,0,1,0,0,0,0,0,0,0,0,0,0
225,5,6,1,0,0,0,0,0,0,0,1,0,0,0,0
225,5,6,0,0,0,0,0,1,0,0,0,0,0,0,0
226,6,1,0,0,0,0,0,0,0,0,-1,0,0,0,0
226,6,1,0,0,0,0,0,0,0,0,0,0,0,1,0
226,6,1,1,0,0,1,0,0,0,0,0,0,0,0,0
226,6,1,0,0,0,0,0,1,0,0,0,0,0,0,0
226,6,2,0,0,0,0,0,0,0,1,0,0,0,0,0
226,6,2,0,0,0,0,0,0,0,0,0,1,0,0,0
226,6,2,1,0,0,0,0,0,1,0,0,0,0,0,0
226,6,2,0,0,0,0,0,0,0,0,0,0,-1,0,0
226,6,3,0,0,0,0,0,0,1,0,0,0,0,0,0
226,6,3,0,0,0,0,0,0,0,0,-1,0,0,0,0
226,6,3,0,0,0,0,1,0,0,0,0,0,0,0,0
226,6,3,1,0,0,1,0,0,0,0,0,0,0,0,0
226,6,4,0,0,0,0,1,0,0,0,0,0,0,0,0
226,6,4,0,0,0,0,0,0,0,0,0,0,0,0,1
226,6,4,0,0,0,0,0,0,0,0,-1,0,0,0,0
226,6,4,1,0,1,0,0,0,0,0,0,0,0,0,0
226,6,5,1,1,0,0,0,0,0,0,0,0,0,0,0
226,6,5,0,0,0,0,0,1,0,0,0,0,0,0,0
226,6,5,0,0,0,0,0,0,0,-1,0,0,0,0,0
226,6,5,0,0,0,0,0,0,0,0,0,0,0,0,1
226,6,6,1,0,0,0,0,0,0,0,0,0,0,1,0
226,6,6,0,0,0,0,0,0,0,1,0,0,0,0,0
226,6,6,0,0,0,0,0,0,0,0,0,0,1,0,0
226,6,6,0,0,0,0,0,0,0,0,-1,0,0,0,0
228,8,1,0,0,0,0,0,0,0,0,0,1,0,0,0
228,8,1,0,0,1,0,0,0,0,0,0,0,0,0,0
228,8,1,0,0,0,0,0,0,0,0,0,0,0,-1,0
228,8,1,1,1,0,0,0,0,0,0,0,0,0,0,0
228,8,2,0,0,0,0,0,-1,0,0,0,0,0,0,0
228,8,2,0,0,0,0,0,0,0,0,0,0,1,0,0
228,8,2,0,0,0,0,0,0,0,1,0,0,0,0,0
228,8,2,1,0,0,0,0,0,0,0,0,1,0,0,0
228,8,3,0,0,0,0,0,0,0,0,0,0,0,-1,0
228,8,3,0,0,0,0,0,1,0,0,0,0,0,0,0
228,8,3,0,0,0,0,0,0,1,0,0,0,0,0,0
228,8,3,1,0,0,0,0,0,0,0,1,0,0,0,0
228,8,4,0,0,0,0,0,0,0,0,0,1,0,0,0
228,8,4,1,0,0,0,0,0,0,0,1,0,0,0,0
228,8,4,0,0,1,0,0,0,0,0,0,0,0,0,0
228,8,4,0,0,0,0,0,0,0,0,0,0,0,0,-1
228,8,5,1,0,0,1,0,0,0,0,0,0,0,0,0
228,8,5,0,0,0,0,0,0,0,-1,0,0,0,0,0
228,8,5,0,0,0,0,1,0,0,0,0,0,0,0,0
228,8,5,0,0,0,0,0,0,0,0,0,0,0,1,0
228,8,6,1,1,0,0,0,0,0,0,0,0,0,0,0
228,8,6,0,0,0,0,0,0,0,0,0,0,0,0,1
228,8,6,0,0,0,0,0,-1,0,0,0,0,0,0,0
228,8,6,0,0,0,0,0,0,0,0,1,0,0,0,0
230,10,1,0,0,1,0,0,0,0,0,0,0,0,0,0
230,10,1,1,0,0,1,0,0,0,0,0,0,0,0,0
230,10,1,0,0,0,0,0,0,0,0,0,0,0,0,1
230,10,1,0,0,0,0,0,0,0,0,0,0,-1,0,0
230,10,2,0,0,0,0,0,0,0,-1,0,0,0,0,0
230,10,2,0,0,0,0,0,0,0,0,0,0,0,0,1
230,10,2,0,0,0,0,0,0,0,0,0,0,0,1,0
230,10,2,1,0,0,0,1,0,0,0,0,0,0,0,0
230,10,3,1,0,0,0,1,0,0,0,0,0,0,0,0
230,10,3,0,0,0,0,0,0,0,-1,0,0,0,0,0
230,10,3,0,0,0,0,0,0,0,0,1,0,0,0,0
230,10,3,0,0,0,0,0,0,1,0,0,0,0,0,0
230,10,4,0,0,0,0,0,0,0,0,0,0,0,0,1
230,10,4,0,0,0,0,0,0,0,0,0,0,-1,0,0
230,10,4,1,0,0,1,0,0,0,0,0,0,0,0,0
230,10,4,0,0,0,0,0,0,0,0,0,0,0,1,0
230,10,5,0,-1,0,0,0,0,0,0,0,0,0,0,0
230,10,5,1,0,0,0,1,0,0,0,0,0,0,0,0
230,10,5,0,0,0,0,0,0,1,0,0,0,0,0,0
230,10,5,0,0,0,0,0,1,0,0,0,0,0,0,0
230,10,6,0,1,0,0,0,0,0,0,0,0,0,0,0
230,10,6,1,0,1,0,0,0,0,0,0,0,0,0,0
230,10,6,0,0,0,0,0,1,0,0,0,0,0,0,0
230,10,6,0,0,0,0,0,0,0,0,0,0,0,-1,0
233,3,1,1,0,0,0,0,0,0,0,0,0,0,0,1
233,3,1,0,0,-1,0,0,0,0,0,0,0,0,0,0
233,3,1,0,0,0,0,0,1,0,0,0,0,0,0,0
233,3,1,0,0,0,0,0,0,0,1,0,0,0,0,0
233,3,2,0,0,-1,0,0,0,0,0,0,0,0,0,0
233,3,2,0,0,0,0,0,0,1,0,0,0,0,0,0
233,3,2,1,1,0,0,0,0,0,0,0,0,0,0,0
233,3,2,0,0,0,0,1,0,0,0,0,0,0,0,0
233,3,3,0,0,0,0,0,0,0,0,0,0,1,0,0
233,3,3,0,0,0,0,0,-1,0,0,0,0,0,0,0
233,3,3,0,0,0,0,0,0,1,0,0,0,0,0,0
233,3,3,1,0,0,0,0,0,0,0,0,0,0,1,0
233,3,4,1,0,0,0,0,0,0,0,0,0,0,1,0
233,3,4,0,1,0,0,0,0,0,0,0,0,0,0,0
233,3,4,0,0,-1,0,0,0,0,0,0,0,0,0,0
233,3,4,0,0,0,0,0,0,0,0,0,0,1,0,0
233,3,5,1,0,0,1,0,0,0,0,0,0,0,0,0
233,3,5,0,0,0,0,0,0,0,0,0,1,0,0,0
233,3,5,0,0,0,0,0,0,0,0,0,0,0,0,1
233,3,5,0,0,0,0,0,0,-1,0,0,0,0,0,0
233,3,6,0,0,0,0,1,0,0,0,0,0,0,0,0
233,3,6,1,0,0,1,0,0,0,0,0,0,0,0,0
233,3,6,0,0,0,0,0,0,0,0,-1,0,0,0,0
233,3,6,0,0,1,0,0,0,0,0,0,0,0,0,0
238,8,1,1,0,0,0,0,0,0,0,0,1,0,0,0
238,8,1,0,0,-1,0,0,0,0,0,0,0,0,0,0
238,8,1,0,0,0,0,0,0,0,0,0,0,0,1,0
238,8,1,0,1,0,0,0,0,0,0,0,0,0,0,0
238,8,2,0,0,0,0,0,1,0,0,0,0,0,0,0
238,8,2,0,0,0,0,0,0,0,0,0,0,1,0,0
238,8,2,0,0,0,0,0,0,0,-1,0,0,0,0,0
238,8,2,1,0,0,0,0,0,0,0,0,1,0,0,0
238,8,3,0,0,0,0,0,0,0,0,0,0,0,1,0
238,8,3,0,0,0,0,0,-1,0,0,0,0,0,0,0
238,8,3,0,0,0,0,0,0,1,0,0,0,0,0,0
238,8,3,1,0,0,0,0,0,0,0,1,0,0,0,0
238,8,4,1,0,0,0,0,0,0,0,0,1,0,0,0
238,8,4,0,0,0,0,0,0,0,0,1,0,0,0,0
238,8,4,0,0,1,0,0,0,0,0,0,0,0,0,0
238,8,4,0,0,0,0,0,0,0,0,0,0,0,0,-1
238,8,5,1,0,0,1,0,0,0,0,0,0,0,0,0
238,8,5,0,0,0,0,0,0,0,-1,0,0,0,0,0
238,8,5,0,0,0,0,1,0,0,0,0,0,0,0,0
238,8,5,0,0,0,0,0,0,0,0,0,0,0,1,0
238,8,6,0,1,0,0,0,0,0,0,0,0,0,0,0
238,8,6,0,0,0,0,0,0,0,0,0,0,0,0,-1
238,8,6,0,0,0,0,0,1,0,0,0,0,0,0,0
238,8,6,1,0,0,0,0,0,0,0,1,0,0,0,0
247,7,1,1,0,0,0,0,0,0,0,0,0,0,0,1
247,7,1,0,0,0,0,-1,0,0,0,0,0,0,0,0
247,7,1,0,0,0,0,0,0,0,0,0,0,0,1,0
247,7,1,0,0,0,0,0,0,0,0,0,0,1,0,0
247,7,2,1,0,0,0,1,0,0,0,0,0,0,0,0
247,7,2,0,-1,0,0,0,0,0,0,0,0,0,0,0
247,7,2,0,0,1,0,0,0,0,0,0,0,0,0,0
247,7,2,0,0,0,0,0,0,0,1,0,0,0,0,0
247,7,3,1,0,0,0,0,0,0,0,1,0,0,0,0
247,7,3,0,0,0,0,0,0,0,0,0,-1,0,0,0
247,7,3,0,0,0,0,0,0,0,1,0,0,0,0,0
247,7,3,0,0,1,0,0,0,0,0,0,0,0,0,0
247,7,4,1,0,0,0,0,0,0,0,0,1,0,0,0
247,7,4,0,0,0,0,0,-1,0,0,0,0,0,0,0
247,7,4,0,0,0,0,1,0,0,0,0,0,0,0,0
247,7,4,0,0,0,1,0,0,0,0,0,0,0,0,0
247,7,5,1,0,0,0,0,0,0,0,0,0,0,1,0
247,7,5,0,0,0,0,1,0,0,0,0,0,0,0,0
247,7,5,0,0,0,0,0,0,0,0,0,0,-1,0,0
247,7,5,0,1,0,0,0,0,0,0,0,0,0,0,0
247,7,6,1,0,0,0,0,1,0,0,0,0,0,0,0
247,7,6,0,0,0,1,0,0,0,0,0,0,0,0,0
247,7,6,0,-1,0,0,0,0,0,0,0,0,0,0,0
247,7,6,0,0,0,0,0,0,0,0,1,0,0,0,0
248,8,1,1,0,0,0,0,0,0,0,0,1,0,0,0
248,8,1,0,0,-1,0,0,0,0,0,0,0,0,0,0
248,8,1,0,0,0,0,0,0,0,0,0,0,0,1,0
248,8,1,0,1,0,0,0,0,0,0,0,0,0,0,0
248,8,2,0,0,0,0,0,1,0,0,0,0,0,0,0
248,8,2,1,0,0,0,0,0,0,0,0,0,1,0,0
248,8,2,0,0,0,0,0,0,0,-1,0,0,0,0,0
248,8,2,0,0,0,0,0,0,0,0,0,1,0,0,0
248,8,3,0,0,0,0,0,0,0,0,0,0,0,1,0
248,8,3,1,0,0,0,0,1,0,0,0,0,0,0,0
248,8,3,0,0,0,0,0,0,-1,0,0,0,0,0,0
248,8,3,0,0,0,0,0,0,0,0,1,0,0,0,0
248,8,4,1,0,0,0,0,0,0,0,0,1,0,0,0
248,8,4,0,0,0,0,0,0,0,0,1,0,0,0,0
248,8,4,0,0,-1,0,0,0,0,0,0,0,0,0,0
248,8,4,0,0,0,0,0,0,0,0,0,0,0,0,1
248,8,5,0,0,0,1,0,0,0,0,0,0,0,0,0
248,8,5,1,0,0,0,0,0,0,1,0,0,0,0,0
248,8,5,0,0,0,0,1,0,0,0,0,0,0,0,0
248,8,5,0,0,0,0,0,0,0,0,0,0,0,-1,0
248,8,6,0,1,0,0,0,0,0,0,0,0,0,0,0
248,8,6,1,0,0,0,0,0,0,0,0,0,0,0,1
248,8,6,0,0,0,0,0,-1,0,0,0,0,0,0,0
248,8,6,0,0,0,0,0,0,0,0,1,0,0,0,0
261,1,1,0,0,0,0,0,0,0,0,0,1,0,0,0
261,1,1,0,0,0,0,1,0,0,0,0,0,0,0,0
261,1,1,0,0,0,0,0,0,0,0,0,0,0,-1,0
261,1,1,1,0,0,0,0,0,1,0,0,0,0,0,0
261,1,2,0,0,0,0,0,0,0,0,0,0,0,0,-1
261,1,2,0,0,0,0,0,0,0,0,0,0,1,0,0
261,1,2,0,0,0,0,0,1,0,0,0,0,0,0,0
261,1,2,1,0,0,0,1,0,0,0,0,0,0,0,0
261,1,3,1,0,1,0,0,0,0,0,0,0,0,0,0
261,1,3,0,0,0,0,0,0,0,0,0,1,0,0,0
261,1,3,0,0,0,0,1,0,0,0,0,0,0,0,0
261,1,3,0,0,0,0,0,0,0,0,0,0,-1,0,0
261,1,4,0,0,0,1,0,0,0,0,0,0,0,0,0
261,1,4,0,0,0,0,0,0,0,1,0,0,0,0,0
261,1,4,0,0,0,0,0,0,0,0,0,-1,0,0,0
261,1,4,1,0,0,0,0,0,1,0,0,0,0,0,0
261,1,5,0,0,0,0,0,0,0,1,0,0,0,0,0
261,1,5,0,0,0,0,0,0,0,0,0,0,0,0,-1
261,1,5,0,0,0,0,0,0,0,0,0,0,1,0,0
261,1,5,1,0,0,1,0,0,0,0,0,0,0,0,0
261,1,6,0,0,0,0,0,0,1,0,0,0,0,0,0
261,1,6,0,0,0,0,0,0,0,0,0,0,0,1,0
261,1,6,0,0,0,0,0,0,0,0,0,0,0,0,-1
261,1,6,1,1,0,0,0,0,0,0,0,0,0,0,0
266,6,1,0,0,0,0,0,0,0,0,-1,0,0,0,0
266,6,1,0,0,0,0,0,0,0,0,0,0,0,1,0
266,6,1,1,0,0,1,0,0,0,0,0,0,0,0,0
266,6,1,0,0,0,0,0,1,0,0,0,0,0,0,0
266,6,2,0,0,0,0,0,0,0,-1,0,0,0,0,0
266,6,2,1,0,0,0,0,0,0,0,0,1,0,0,0
266,6,2,0,0,0,0,0,0,1,0,0,0,0,0,0
266,6,2,0,0,0,0,0,0,0,0,0,0,1,0,0
266,6,3,0,0,0,0,0,0,1,0,0,0,0,0,0
266,6,3,0,0,0,0,0,0,0,0,-1,0,0,0,0
266,6,3,0,0,0,0,1,0,0,0,0,0,0,0,0
266,6,3,1,0,0,1,0,0,0,0,0,0,0,0,0
266,6,4,0,0,0,0,1,0,0,0,0,0,0,0,0
266,6,4,0,0,0,0,0,0,0,0,0,0,0,0,1
266,6,4,0,0,0,0,0,0,0,0,-1,0,0,0,0
266,6,4,1,0,1,0,0,0,0,0,0,0,0,0,0
266,6,5,1,1,0,0,0,0,0,0,0,0,0,0,0
266,6,5,0,0,0,0,0,1,0,0,0,0,0,0,0
266,6,5,0,0,0,0,0,0,0,1,0,0,0,0,0
266,6,5,0,0,0,0,0,0,0,0,0,0,0,0,-1
266,6,6,0,0,0,0,0,0,0,0,0,0,0,1,0
266,6,6,1,0,0,0,0,0,0,1,0,0,0,0,0
266,6,6,0,0,0,0,0,0,0,0,0,0,1,0,0
266,6,6,0,0,0,0,0,0,0,0,-1,0,0,0,0
